Date,Open,High,Low,Close,Volume,Change,Change_Percent,SMA10,SMA50,SMA200,EMA5,EMA10,EMA20,EMA50,EMA200,RSI_14,STOCHk_9_6_3,STOCHd_9_6_3,MACD_12_26_9,MACDs_12_26_9,MACDh_12_26_9,CMF,OBV,ATR,PSAR,PSARl_0.01_0.1,Rolling_Std,Golden_Cross,Death_Cross,Price_Cross_SMA10_Up,Price_Cross_SMA10_Down,Price_Cross_SMA50_Up,Price_Cross_SMA50_Down,Price_Cross_SMA200_Up,Price_Cross_SMA200_Down,SMA10_Up,SMA50_Up,SMA200_Up,Price_Distance_SMA10,Price_Distance_SMA50,Price_Distance_SMA200,SMA50_Above_SMA200,Golden_Death_Cross_Desc,Price_SMA10_Crossover_Desc,Price_Crossover_Desc,RSI_Desc,Stochastic_Desc,CMF_Desc,MACD_Desc,OBV_Desc,PSAR_Desc,ATR_Desc,RSI_9,RSI_25,CMF_20,OBV_SMA_Diff,OBV_RoC,PSARl_0.02_0.2,Rolling_Std_10,Rolling_Std_50
2015-03-12T00:00:00Z,1,1.2,1,1.2,7938044,0,0,0,0,0,0,0,0,0,0,0,0,0,0,0,0,0,7938044,0,0,1,0,false,false,false,false,false,false,false,false,false,false,false,0,0,0,false,,,,,,,,,,,0,0,0,0,0,1,0,0
2015-03-17T00:00:00Z,1.32,1.32,1.32,1.32,185740,0.12,10,0,0,0,1.24,1.22,1.21,1.2,1.2,0,0,0,0,0,0,0,8123784,0,0,1.002,0,false,false,false,false,false,false,false,false,false,false,false,0,0,0,false,,,,,,,,,,,0,0,0,0,0,1.004,0,0
2015-03-18T00:00:00Z,1.45,1.45,1.45,1.45,145000,0.13,9.85,0,0,0,1.31,1.26,1.23,1.21,1.2,0,0,0,0,0,0,0,8268784,0,0,1.0084,0,false,false,false,false,false,false,false,false,false,false,false,0,0,0,false,,,,,,,,,,,0,0,0,0,0,1.0166,0,0
2015-03-19T00:00:00Z,1.45,1.45,1.45,1.45,73203248,0,0,0,0,0,1.36,1.3,1.25,1.22,1.21,0,0,0,0,0,0,0,8268784,0,0,1.0216,0,false,false,false,false,false,false,false,false,false,false,false,0,0,0,false,,,,,,,,,,,0,0,0,0,0,1.0426,0,0
2015-03-22T00:00:00Z,1.45,1.45,1.45,1.45,16104294,0,0,0,0,0,1.39,1.33,1.27,1.23,1.21,0,0,0,0,0,0,0,8268784,0,0,1.0345,0,false,false,false,false,false,false,false,false,false,false,false,0,0,0,false,,,,,,,,,,,0,0,0,0,0,1.067,0,0
2015-03-23T00:00:00Z,1.45,1.5,1.45,1.45,399500000,0,0,0,0,0,1.41,1.35,1.29,1.24,1.21,0,0,0,0,0,0,0,8268784,0,0,1.047,0,false,false,false,false,false,false,false,false,false,false,false,0,0,0,false,,,,,,,,,,,0,0,0,0,0,1.09,0,0
2015-03-24T00:00:00Z,1.45,1.47,1.45,1.45,255072992,0,0,0,0,0,1.42,1.37,1.31,1.25,1.21,0,0,0,0,0,0,0,8268784,0,0,1.0651,0,false,false,false,false,false,false,false,false,false,false,false,0,0,0,false,,,,,,,,,,,0,0,0,0,0,1.1228,0,0
2015-03-25T00:00:00Z,1.45,1.45,1.45,1.45,265870640,0,0,0,0,0,1.43,1.38,1.32,1.26,1.22,0,0,0,0,0,0,0,8268784,0,0,1.0825,0,false,false,false,false,false,false,false,false,false,false,false,0,0,0,false,,,,,,,,,,,0,0,0,0,0,1.153,0,0
2015-03-30T00:00:00Z,1.4,1.46,1.4,1.46,20853128,0.01,0.69,0,0,0,1.44,1.4,1.33,1.27,1.22,0,92,0,0,0,0,0,29121912,0,0,1.0992,0,false,false,false,false,false,false,false,false,false,false,false,0,0,0,false,,,,,,,,,,,0,0,0,0,0,1.1808,0,0
2015-04-01T00:00:00Z,1.46,1.47,1.45,1.45,79066584,-0.01,-0.68,1.41,0,0,1.44,1.41,1.34,1.27,1.22,0,72.22,0,0,0,0,0,-49944672,0,0,1.1152,0,false,false,false,false,false,false,false,false,false,false,false,0.04,0,0,false,,,,,,,,,,,96.3,0,0,0,0,1.2063,0.0811,0
2015-04-07T00:00:00Z,1.4,1.4,1.4,1.4,280000,-0.05,-3.45,1.43,0,0,1.43,1.4,1.35,1.28,1.22,0,0,0,0,0,0,0,-50224672,0,0,1.1306,0,false,false,false,true,false,false,false,false,true,false,false,-0.03,0,0,false,,,,,,,,,,,70,0,0,0,-732.71,1.2298,0.0408,0
2015-04-09T00:00:00Z,1.27,1.4,1.27,1.28,307400,-0.12,-8.57,1.43,0,0,1.38,1.38,1.34,1.28,1.22,0,4.35,25.52,0,0,0,0,-50532072,0,0,1.1454,0,false,false,false,false,false,false,false,false,false,false,false,-0.15,0,0,false,,,,,,,,,,,5.26,0,0,0,-722.03,1.2514,0.052,0
2015-04-13T00:00:00Z,1.3,1.36,1.3,1.36,2190530,0.08,6.25,1.42,0,0,1.37,1.38,1.34,1.28,1.22,0,39.13,14.49,0,0,0,0,-48341542,0,0,1.1596,0,false,false,false,false,false,false,false,false,false,false,false,-0.06,0,0,false,,,,,,,,,,,33.33,0,0,0,-684.63,1.2713,0.0554,0
2015-04-15T00:00:00Z,1.3,1.35,1.3,1.35,506600,-0.01,-0.74,1.41,0,0,1.37,1.37,1.34,1.28,1.23,0,34.78,26.09,0,0,0,0,-48848142,0,0,1.1732,0,false,false,false,false,false,false,false,false,false,false,false,-0.06,0,0,false,,,,,,,,,,,32.14,0,0,0,-690.75,1.2896,0.058,0
2015-04-16T00:00:00Z,1.35,1.35,1.35,1.35,40500,0,0,1.4,0,0,1.36,1.37,1.35,1.29,1.23,64.15,40,37.97,0,0,0,0,-48848142,0.0514,0,1.1863,0,false,false,false,false,false,false,false,false,false,false,false,-0.05,0,0,false,,,,,,,,,,,32.14,0,0,0,-690.75,1.3064,0.0589,0
2015-04-21T00:00:00Z,1.28,1.28,1.22,1.22,1711500,-0.13,-9.63,1.38,0,0,1.31,1.34,1.33,1.28,1.23,40.74,0,24.93,0,0,0,0,-50559642,0.0521,0,1.1988,0,false,false,false,false,false,false,false,false,false,false,false,-0.16,0,0,false,,,,,,,,,,,21.95,0,0,0,-711.45,1.5,0.077,0
2015-04-23T00:00:00Z,1.22,1.23,1.22,1.23,581841,0.01,0.82,1.36,0,0,1.29,1.32,1.32,1.28,1.23,23.81,4,14.67,0,0,0,0,-49977801,0.0436,0,1.2108,0,false,false,false,false,false,false,false,false,false,false,false,-0.13,0,0,false,,,,,,,,,,,23.81,0,0,0,-704.42,1.4944,0.0841,0
2015-04-27T00:00:00Z,1.3,1.3,1.3,1.3,130000,0.07,5.69,1.34,0,0,1.29,1.32,1.32,1.28,1.23,34.69,32,12,0,0,0,0,-49847801,0.0486,0,1.2224,0,false,false,false,false,false,false,false,false,false,false,false,-0.04,0,0,false,,,,,,,,,,,33.33,0,0,0,-702.84,1.4889,0.079,0
2015-04-30T00:00:00Z,1.32,1.32,1.32,1.32,52800,0.02,1.54,1.33,0,0,1.3,1.32,1.32,1.28,1.23,37.25,55.56,30.52,0,0,0,0,-49795001,0.05,0,1.2335,0,false,false,false,false,false,false,false,false,false,false,false,-0.01,0,0,false,,,,,,,,,,,36.73,0,0,0,-270.99,1.4835,0.0682,0
2015-05-04T00:00:00Z,1.26,1.26,1.26,1.26,5022590,-0.06,-4.55,1.31,0,0,1.29,1.31,1.32,1.28,1.23,33.33,22.22,36.59,0,0,0,0,-54817591,0.0507,0,1.2442,0,false,false,false,false,false,false,false,false,false,false,false,-0.05,0,0,false,,,,,,,,,,,36,0,-0.6233,0,-9.76,1.4782,0.0565,0
2015-05-06T00:00:00Z,1.25,1.25,1.25,1.25,200000,-0.01,-0.79,1.29,0,0,1.27,1.3,1.31,1.28,1.23,32.76,21.43,33.07,0,0,0,0,-55017591,0.05,0,1.5,0,false,false,false,false,false,false,false,false,false,false,false,-0.04,0,0,false,,,,,,,,,,,46.15,0,-0.6347,0,-9.54,1.473,0.0492,0
2015-05-24T00:00:00Z,1.22,1.22,1.22,1.22,13540645,-0.03,-2.4,1.29,0,0,1.26,1.28,1.3,1.28,1.23,31.15,0,14.55,0,0,0,0,-68558236,0.0521,0,1.4975,0,false,false,false,false,false,false,false,false,false,false,false,-0.07,0,0,false,,,,,,,,,,,29.41,0,-0.6272,0,-35.67,1.4679,0.0537,0
2015-05-25T00:00:00Z,1.22,1.22,1.22,1.22,9795163,0,0,1.27,0,0,1.24,1.27,1.29,1.28,1.23,30,0,7.14,0,0,0,0,-68558236,0.0479,0,1.492,0,false,false,false,false,false,false,false,false,false,false,false,-0.05,0,0,false,,,,,,,,,,,30.3,0,-0.6219,0,-41.82,1.4629,0.0508,0
2015-05-26T00:00:00Z,1.22,1.22,1.22,1.22,634400,0,0,1.26,0,0,1.24,1.26,1.29,1.27,1.23,30.51,0,0,0,0,0,0,-68558236,0.0464,0,1.4866,0,false,false,false,false,false,false,false,false,false,false,false,-0.04,0,0,false,,,,,,,,,,,30.3,0,-0.664,0,-40.35,1.458,0.0455,0
2015-06-10T00:00:00Z,1.22,1.22,1.22,1.22,122000,0,0,1.25,0,0,1.23,1.25,1.28,1.27,1.23,33.33,0,0,0,0,0,0,-68558236,0.0429,0,1.4813,0,false,false,false,false,false,false,false,false,false,false,false,-0.03,0,0,false,,,,,,,,,,,50,0,-0.6741,0,-40.35,1.4532,0.035,0
2015-06-11T00:00:00Z,1.22,1.22,1.22,1.22,305000,0,0,1.25,0,0,1.23,1.25,1.27,1.27,1.23,42.86,0,0,-0.0222,0,0,0,-68558236,0.0336,0,1.4761,0,false,false,false,false,false,false,false,false,false,false,false,-0.03,0,0,false,,,,,,,,,,,47.37,51.16,-0.4754,0,-35.6,1.4485,0.035,0
2015-06-16T00:00:00Z,1.18,1.22,1.18,1.18,9124477,-0.04,-3.28,1.24,0,0,1.21,1.24,1.27,1.27,1.23,26.32,0,0,-0.0266,-0.0231,-0.0035,0,-77682713,0.0307,0,1.471,0,false,false,false,false,false,false,false,false,false,false,false,-0.06,0,0,false,,,,,,,,,,,12.5,41.03,-0.1609,0,-55.43,1.4439,0.0401,0
2015-06-17T00:00:00Z,1.18,1.18,1.15,1.15,4197878,-0.03,-2.54,1.23,0,0,1.19,1.22,1.25,1.26,1.23,25,0,0,-0.0322,-0.0249,-0.0073,0,-81880591,0.0286,0,1.4623,0,false,false,false,false,false,false,false,false,false,false,false,-0.08,0,0,false,,,,,,,,,,,0,27.94,-0.4724,0,-64.26,1.4333,0.0432,0
2015-06-18T00:00:00Z,1.2,1.2,1.2,1.2,120000,0.05,4.35,1.21,0,0,1.19,1.22,1.25,1.26,1.23,33.33,50,16.67,-0.0321,-0.0263,-0.0058,0,-81760591,0.0321,0,1.4498,0,false,false,false,false,false,false,false,false,false,false,false,-0.01,0,0,false,,,,,,,,,,,31.25,32.88,-0.712,0,-64.19,1.4163,0.0301,0
2015-06-22T00:00:00Z,1.2,1.2,1.2,1.2,3000413952,0,0,1.21,0,0,1.2,1.21,1.24,1.26,1.23,46.88,71.43,40.48,-0.0318,-0.0274,-0.0044,0,-81760591,0.0229,0,1.4378,0,false,false,false,false,false,false,false,false,false,false,false,-0.01,0,0,false,,,,,,,,,,,33.33,32.88,-0.0039,0,-49.15,1.4003,0.0261,0
2015-07-07T00:00:00Z,1.2,1.2,1.2,1.2,600000,0,0,1.2,0,0,1.2,1.21,1.24,1.26,1.23,45.16,71.43,64.29,-0.0311,-0.0282,-0.0029,0,-81760591,0.0221,0,1.4263,0,false,false,false,false,false,false,false,false,false,false,false,0,0,0,false,,,,,,,,,,,41.67,32.88,-0.0039,0,-48.61,1.3853,0.0219,0
2015-07-22T00:00:00Z,1.2,1.2,1.2,1.2,3000024064,0,0,1.2,0,0,1.2,1.21,1.24,1.25,1.23,29.17,71.43,71.43,-0.0302,-0.0286,-0.0016,0,-81760591,0.0171,0,1.4152,0,false,false,false,false,false,false,false,false,false,false,false,0,0,0,false,,,,,,,,,,,41.67,32.88,-0.0019,0,-19.26,1.3712,0.0212,0
2015-07-23T00:00:00Z,1.2,1.2,1.2,1.2,1800024064,0,0,1.2,0,0,1.2,1.21,1.23,1.25,1.23,22.73,71.43,71.43,-0.0292,-0.0287,-0.0005,0,-81760591,0.0157,0,1.4046,0,false,false,false,false,false,false,false,false,false,false,false,0,0,0,false,,,,,,,,,,,41.67,32.88,-0.0018,0,-19.26,1.3579,0.0202,0
2015-07-26T00:00:00Z,1.2,1.2,1.2,1.2,3482537728,0,0,1.2,0,0,1.2,1.21,1.23,1.25,1.23,31.25,71.43,71.43,-0.0281,-0.0286,0.0005,0,-81760591,0.0114,0,1.3944,0,false,false,false,false,false,false,false,false,false,false,false,0,0,0,false,,,,,,,,,,,41.67,31.94,-0.0013,0,-19.26,1.3454,0.019,0
2015-07-27T00:00:00Z,1.2,1.2,1.2,1.2,3240000000,0,0,1.2,0,0,1.2,1.2,1.23,1.25,1.23,33.33,71.43,71.43,-0.0269,-0.0282,0.0013,0,-81760591,0.0107,0,1.3846,0,false,false,false,false,false,false,false,false,false,false,false,0,0,0,false,,,,,,,,,,,41.67,32.39,-0.001,0,-19.26,1.3337,0.0175,0
2015-07-28T00:00:00Z,1.2,1.2,1.2,1.2,3000143872,0,0,1.19,0,0,1.2,1.2,1.22,1.25,1.23,41.67,100,80.95,-0.0256,-0.0277,0.0021,0,-81760591,0.0086,0,1.3752,0,false,false,true,false,false,false,false,false,false,false,false,0.01,0,0,false,,,,,,,,,,,62.5,34.85,-0.0007,0,-19.26,1.3227,0.0155,0
2015-08-25T00:00:00Z,1.1,1.2,1.1,1.2,11117926,0,0,1.2,0,0,1.2,1.2,1.22,1.24,1.22,41.67,100,90.48,-0.0243,-0.027,0.0027,0,-81760591,0.0157,0,1.3662,0,false,false,false,false,false,false,false,false,true,false,false,0,0,0,false,,,,,,,,,,,0,42.59,-0.0001,0,-5.25,1.3123,0.015,0
2015-08-26T00:00:00Z,1.2,1.2,1.2,1.2,3000000,0,0,1.2,0,0,1.2,1.2,1.22,1.24,1.22,41.67,100,100,-0.0231,-0.0262,0.0031,0,-81760591,0.0157,0,1.3529,0,false,false,false,false,false,false,false,false,false,false,false,0,0,0,false,,,,,,,,,,,0,32.61,-0.0001,0,0.15,1.2953,0,0
2015-08-30T00:00:00Z,1.2,1.2,1.2,1.2,2400000,0,0,1.2,0,0,1.2,1.2,1.22,1.24,1.22,41.67,100,100,-0.0218,-0.0254,0.0036,0,-81760591,0.0157,0,1.3403,0,false,false,false,false,false,false,false,false,false,false,false,0,0,0,false,,,,,,,,,,,0,33.33,-0.0001,0,0,1.2797,0,0
2015-09-17T00:00:00Z,1.19,1.19,1.19,1.19,2447524,-0.01,-0.83,1.2,0,0,1.2,1.2,1.22,1.24,1.22,38.46,90,96.67,-0.0214,-0.0246,0.0032,0,-84208115,0.0164,0,1.3283,0,false,false,false,true,false,false,false,false,false,false,false,-0.01,0,0,false,,,,,,,,,,,0,32.61,-0.0001,0,-2.99,1.2653,0.0033,0
2015-09-22T00:00:00Z,1.19,1.19,1.19,1.19,2777033,0,0,1.2,0,0,1.19,1.2,1.21,1.24,1.22,55.56,90,93.33,-0.0208,-0.0238,0.003,0,-84208115,0.0136,0,1.3169,0,false,false,false,false,false,false,false,false,false,false,false,-0.01,0,0,false,,,,,,,,,,,0,45.45,-0.0001,0,-2.99,1.2521,0.0041,0
2015-10-01T00:00:00Z,1.2,1.2,1.2,1.2,300000,0.01,0.84,1.2,0,0,1.2,1.2,1.21,1.23,1.22,85.71,100,93.33,-0.0193,-0.0229,0.0036,0,-83908115,0.0121,0,1.3061,0,false,false,false,false,false,false,false,false,false,false,false,0,0,0,false,,,,,,,,,,,50,45.45,-0.0001,0,-2.63,1.2399,0.0041,0
2015-11-02T00:00:00Z,1.08,1.08,1.08,1.08,1080000,-0.12,-10,1.19,0,0,1.16,1.18,1.2,1.23,1.22,7.14,0,63.33,-0.0275,-0.0238,-0.0037,0,-84988115,0.0171,0,1.2958,0,false,false,false,true,false,false,false,false,false,false,false,-0.11,0,0,false,,,,,,,,,,,7.14,21.05,-0.0001,0,-3.95,1.2287,0.0356,0
2015-11-03T00:00:00Z,1.08,1.08,1.08,1.08,1642878,0,0,1.17,0,0,1.13,1.16,1.19,1.22,1.22,7.14,0,33.33,-0.0336,-0.0258,-0.0078,0,-84988115,0.0171,0,1.2829,0,false,false,false,false,false,false,false,false,false,false,false,-0.09,0,0,false,,,,,,,,,,,7.14,16.67,-0.0001,0,-3.95,1.2138,0.0472,0
2015-11-24T00:00:00Z,1,1,1,1,100000,-0.08,-7.41,1.15,0,0,1.09,1.13,1.17,1.21,1.22,4.55,0,0,-0.0443,-0.0295,-0.0148,0,-85088115,0.0229,0,1.2707,0,false,false,false,false,false,false,false,false,false,false,false,-0.15,0,0,false,,,,,,,,,,,4.55,15.79,-0.0001,0,-4.07,1.2004,0.0692,0
2015-11-25T00:00:00Z,1,1,1,1,100000,0,0,1.13,0,0,1.06,1.11,1.15,1.21,1.22,4.55,0,0,-0.0523,-0.034,-0.0183,0,-85088115,0.0229,0,1.2518,0,false,false,false,false,false,false,false,false,false,false,false,-0.13,0,0,false,,,,,,,,,,,4.55,16.22,-0.0001,0,-4.07,1.1764,0.0809,0
2015-12-09T00:00:00Z,0.9,0.9,0.9,0.9,90000,-0.1,-10,1.1,0,0,1.01,1.07,1.13,1.19,1.21,3.12,0,0,-0.0659,-0.0404,-0.0255,0,-85178115,0.03,0,1.2342,0,false,false,false,false,false,false,false,false,false,false,false,-0.2,0,0,false,,,,,,,,,,,3.12,13.64,0.0004,0,-4.18,1.1552,0.1034,0
2015-12-24T00:00:00Z,0.9,0.9,0.9,0.9,720000000,0,0,1.07,0,0,0.97,1.04,1.11,1.18,1.21,3.12,0,0,-0.0758,-0.0475,-0.0283,0,-85178115,0.03,0,1.2075,0,false,false,false,false,false,false,false,false,false,false,false,-0.17,0,0,false,,,,,,,,,,,3.12,13.64,0.0006,0,-4.18,1.1195,0.1141,0
2015-12-27T00:00:00Z,0.99,0.99,0.99,0.99,990000,0.09,10,1.05,0,0,0.98,1.03,1.1,1.17,1.21,24.39,30,10,-0.0755,-0.0531,-0.0224,0,-84188115,0.0364,0,1.1829,0,false,false,false,false,false,false,false,false,false,false,false,-0.06,0,0,false,,,,,,,,,,,25,28.3,0.0006,0,-2.97,1.0888,0.1082,0
2016-01-12T00:00:00Z,0.9,0.9,0.9,0.9,900000,-0.09,-9.09,1.02,1.23,0,0.95,1.01,1.08,1.16,1.2,20,0,10,-0.0816,-0.0588,-0.0228,0,-85088115,0.0429,0,1.1603,0,false,false,false,false,false,false,false,false,false,false,false,-0.12,-0.33,0,false,,,,,,,,,,,20.41,24.19,0.0007,0,-1.05,1.0624,0.1064,0.145
2016-01-13T00:00:00Z,0.9,0.9,0.9,0.9,8325000192,0,0,1,1.22,0,0.93,0.99,1.06,1.15,1.2,20,0,10,-0.0854,-0.0641,-0.0213,0,-85088115,0.0357,0,1.1395,0,false,false,false,false,false,false,false,false,false,false,false,-0.1,-0.32,0,false,,,,,,,,,,,18.75,24.19,0.0005,0,-1.05,1.0397,0.0963,0.1521
2016-01-18T00:00:00Z,0.9,0.9,0.9,0.9,90000000,0,0,0.97,1.22,0,0.92,0.97,1.05,1.14,1.2,20,0,0,-0.0875,-0.0688,-0.0187,0,-85088115,0.0357,0,1.1203,0,false,false,false,false,false,false,false,false,false,false,false,-0.07,-0.32,0,false,,,,,,,,,,,25,25.86,0.0005,0,-1.41,1.0201,0.0712,0.1581
2016-01-19T00:00:00Z,0.9,0.9,0.9,0.9,90000000,0,0,0.95,1.2,0,0.92,0.96,1.03,1.13,1.2,20,0,0,-0.0881,-0.0727,-0.0154,0,-85088115,0.0357,0,1.1027,0,false,false,false,false,false,false,false,false,false,false,false,-0.05,-0.3,0,false,,,,,,,,,,,25,27.27,0.0006,0,-0.12,1.0033,0.062,0.1605
2016-01-20T00:00:00Z,0.9,0.9,0.9,0.9,1124999936,0,0,0.93,1.19,0,0.91,0.95,1.02,1.12,1.19,20.41,0,0,-0.0875,-0.0756,-0.0119,0,-85088115,0.035,0,1.0865,0,false,false,false,false,false,false,false,false,false,false,false,-0.03,-0.29,0,false,,,,,,,,,,,32.14,20,0.0007,0,-0.12,0.9888,0.0444,0.1622
2016-01-27T00:00:00Z,0.81,0.9,0.81,0.9,432000,0,0,0.92,1.18,0,0.91,0.94,1.01,1.12,1.19,20.41,50,16.67,-0.0861,-0.0777,-0.0084,0,-85088115,0.0414,0,1.0716,0,false,false,false,false,false,false,false,false,false,false,false,-0.02,-0.28,0,false,,,,,,,,,,,32.14,20,0.0009,0,0,0.9764,0.0381,0.1631
2016-02-01T00:00:00Z,0.99,0.99,0.99,0.99,247500,0.09,10,0.92,1.17,0,0.93,0.95,1.01,1.11,1.19,31.58,100,50,-0.0769,-0.0776,0.0007,0,-84840615,0.0471,0,1.0481,0,false,false,true,false,false,false,false,false,false,false,false,0.07,-0.18,0,false,,,,,,,,,,,66.67,32.2,0.0011,0,0.29,0.81,0.036,0.1607
2016-02-03T00:00:00Z,1,1,1,1,2906743,0.01,1.01,0.93,1.16,0,0.96,0.96,1.01,1.11,1.19,41.3,100,83.33,-0.0679,-0.0756,0.0077,0,-81933872,0.0393,0,1.0267,0,false,false,false,false,false,false,false,false,true,false,false,0.07,-0.16,0,false,,,,,,,,,,,67.86,33.33,0,0,3.81,0.8136,0.0429,0.1575
2016-02-22T00:00:00Z,0.9,1.02,0.9,1.02,294000,0.02,2,0.94,1.16,0,0.98,0.97,1.01,1.1,1.18,43.75,100,100,-0.0586,-0.0722,0.0136,0,-81639872,0.0479,0,0.81,0,false,false,false,false,false,false,false,false,true,false,false,0.08,-0.14,0,false,,,,,,,,,,,57.14,35.48,0.0001,0,4.15,0.8211,0.0496,0.1534
2016-03-16T00:00:00Z,1.02,1.02,1.02,1.02,1020000,0,0,0.94,1.15,0,0.99,0.98,1.01,1.1,1.18,52.5,100,100,-0.0505,-0.0679,0.0174,0,-81639872,0.0421,0,0.8121,0,false,false,false,false,false,false,false,false,false,false,false,0.08,-0.13,0,false,,,,,,,,,,,0,35.48,0.0001,0,3.03,0.833,0.0533,0.1483
2016-03-28T00:00:00Z,1.02,1.02,1.02,1.02,20400,0,0,0.96,1.14,0,1,0.99,1.01,1.1,1.18,52.5,100,100,-0.0437,-0.063,0.0193,0,-81639872,0.0421,0,0.8142,0,false,false,false,false,false,false,false,false,true,false,false,0.06,-0.12,0,false,,,,,,,,,,,0,35.48,0.0001,0,4.05,0.8442,0.0558,0.1428
2016-03-30T00:00:00Z,1.02,1.02,0.94,0.94,114400,-0.08,-7.84,0.96,1.13,0,0.98,0.98,1,1.09,1.18,55.26,61.9,87.3,-0.0442,-0.0593,0.0151,0,-81754272,0.0407,0,0.8163,0,false,false,false,true,false,false,false,false,false,false,false,-0.02,-0.19,0,false,,,,,,,,,,,60,31.43,0.0001,0,3.92,0.8547,0.053,0.1405
2016-04-10T00:00:00Z,1,1,1,1,1360000,0.06,6.38,0.97,1.12,0,0.99,0.98,1,1.09,1.18,61.36,90.48,84.13,-0.0393,-0.0553,0.016,0,-80394272,0.045,0,0.8183,0,false,false,true,false,false,false,false,false,true,false,false,0.03,-0.12,0,false,,,,,,,,,,,69.23,36.84,0.0001,0,5.52,0.8646,0.0503,0.14
2016-04-26T00:00:00Z,1,1,1,1,30000,0,0,0.98,1.12,0,0.99,0.98,1,1.08,1.18,51.43,90.48,80.95,-0.0351,-0.0512,0.0161,0,-80394272,0.0386,0,0.8203,0,false,false,false,false,false,false,false,false,true,false,false,0.02,-0.12,0,false,,,,,,,,,,,69.23,36.84,0.0001,0,5.52,0.8739,0.0453,0.1369
2016-05-09T00:00:00Z,1,1,1,1,25000,0,0,0.99,1.11,0,0.99,0.99,1,1.08,1.17,69.23,83.33,88.1,-0.0313,-0.0473,0.016,0,-80394272,0.0321,0,0.8223,0,false,false,false,false,false,false,false,false,true,false,false,0.01,-0.11,0,false,,,,,,,,,,,69.23,36.84,0.0001,0,5.52,0.8827,0.037,0.1337
2016-05-24T00:00:00Z,1,1,1,1,595000,0,0,1,1.1,0,1,0.99,1,1.08,1.17,69.23,83.33,85.71,-0.028,-0.0434,0.0154,0,-80394272,0.0321,0,0.8243,0,false,false,false,false,false,false,false,false,true,false,false,0,-0.1,0,false,,,,,,,,,,,52.94,37.33,0.0001,0,5.52,0.8909,0.0221,0.13
2016-06-12T00:00:00Z,1,1,1,1,100000,0,0,1,1.1,0,1,0.99,1,1.07,1.17,69.23,83.33,83.33,-0.0251,-0.0397,0.0146,0,-80394272,0.0321,0,0.8263,0,false,false,false,false,false,false,false,false,false,false,false,0,-0.1,0,false,,,,,,,,,,,50,37.33,0.0001,0,5.24,0.8986,0.0219,0.1297
2016-06-19T00:00:00Z,1,1,1,1,4113485,0,0,1,1.09,0,1,0.99,1,1.07,1.17,69.23,75,80.55,-0.0225,-0.0363,0.0138,0,-80394272,0.0321,0,0.8282,0,false,false,false,false,false,false,false,false,false,false,false,0,-0.09,0,false,,,,,,,,,,,42.86,36.49,0.0001,0,1.88,0.9059,0.0219,0.129
2016-06-29T00:00:00Z,1,1,1,1,100000,0,0,1,1.09,0,1,0.99,1,1.07,1.17,69.23,75,77.78,-0.0203,-0.0331,0.0128,0,-80394272,0.0321,0,0.8301,0,false,false,false,false,false,false,false,false,false,false,false,0,-0.09,0,false,,,,,,,,,,,42.86,43.55,0.0001,0,1.53,0.9127,0.0209,0.1262
2016-07-11T00:00:00Z,1,1,1,1,50000,0,0,1,1.08,0,1,1,1,1.07,1.16,69.23,75,75,-0.0183,-0.0301,0.0118,0,-80394272,0.0257,0,0.832,0,false,false,false,false,false,false,false,false,false,false,false,0,-0.08,0,false,,,,,,,,,,,42.86,43.55,0.0001,0,1.53,0.9191,0.0196,0.1224
2016-07-28T00:00:00Z,1.05,1.05,1.05,1.05,105000,0.05,5,1,1.08,0,1.02,1.01,1.01,1.07,1.16,63.64,100,83.33,-0.0125,-0.0266,0.0141,0,-80289272,0.0229,0,0.8339,0,false,false,true,false,false,false,false,false,false,false,false,0.05,-0.03,0,false,,,,,,,,,,,0,54.24,0.0001,0,1.65,0.9252,0.0248,0.1196
2016-07-31T00:00:00Z,1.1,1.1,1.1,1.1,110000,0.05,4.76,1.02,1.07,0,1.04,1.02,1.01,1.07,1.16,69.23,100,91.67,-0.0039,-0.0221,0.0182,0,-80179272,0.0257,0,0.8382,0,false,false,false,false,true,false,false,false,true,false,false,0.08,0.03,0,false,,,,,,,,,,,0,57.81,0.0005,0,1.93,0.9352,0.032,0.1171
2016-08-03T00:00:00Z,1.1,1.1,1.1,1.1,55000,0,0,1.03,1.07,0,1.06,1.04,1.02,1.07,1.16,66.67,100,100,0.003,-0.0171,0.0201,0,-80179272,0.0171,0,0.8461,0,false,false,false,false,false,false,false,false,true,false,false,0.07,0.03,0,false,,,,,,,,,,,0,68.52,0.0005,0,0.27,0.9517,0.0403,0.1153
2016-08-07T00:00:00Z,1.15,1.15,1.15,1.15,57500,0.05,4.55,1.04,1.07,0,1.09,1.06,1.04,1.07,1.16,72.41,100,100,0.0122,-0.0112,0.0234,0,-80121772,0.0207,0,0.8537,0,false,false,false,false,false,false,false,false,true,false,false,0.11,0.08,0,false,,,,,,,,,,,0,71.19,0.0005,0,0.34,0.9665,0.0539,0.1139
2016-10-04T00:00:00Z,1.15,1.15,1.15,1.15,23000,0,0,1.06,1.07,0,1.11,1.07,1.05,1.07,1.16,72.41,100,100,0.0194,-0.0051,0.0245,0,-80121772,0.0207,0,0.8656,0,false,false,false,false,false,false,false,false,true,false,false,0.09,0.08,0,false,,,,,,,,,,,0,66,0.052,0,0.34,0.9885,0.0611,0.1125
2016-10-10T00:00:00Z,1.15,1.17,1.15,1.17,22651320,0.02,1.74,1.07,1.07,0,1.13,1.09,1.06,1.08,1.16,0,100,100,0.0264,0.0012,0.0252,0,-57470452,0.0164,0,0.877,0,false,false,false,false,false,false,false,false,true,false,false,0.1,0.1,0,false,,,,,,,,,,,0,81.4,0.6719,0,28.51,1.0079,0.0668,0.1113
2016-12-26T00:00:00Z,1.1,1.1,1.1,1.1,2262417,-0.07,-5.98,1.08,1.07,0,1.12,1.09,1.06,1.08,1.16,70.83,58.82,86.27,0.0259,0.0062,0.0197,0,-59732869,0.0171,0,0.8917,0,false,false,false,false,false,false,false,false,true,false,false,0.02,0.03,0,false,,,,,,,,,,,70.83,70,0.6343,0,25.7,1.0306,0.0626,0.1093
2017-01-02T00:00:00Z,1.1,1.1,1.1,1.1,66000,0,0,1.09,1.06,0,1.11,1.09,1.07,1.08,1.16,70.83,58.82,72.55,0.0253,0.01,0.0153,0,-59732869,0.0171,0,0.9056,0,false,false,false,false,false,false,false,false,true,false,false,0.01,0.04,0,false,,,,,,,,,,,70.83,70,0.6887,0,25.7,1.0501,0.0564,0.1082
2017-01-08T00:00:00Z,1.1,1.1,1.1,1.1,23735,0,0,1.1,1.06,0,1.11,1.1,1.07,1.08,1.16,70.83,41.67,53.1,0.0245,0.0129,0.0116,0,-59732869,0.0171,0,0.9188,0,false,false,false,false,false,false,false,false,true,false,false,0,0.04,0,false,,,,,,,,,,,70.83,70,0.6854,0,25.7,1.0669,0.0473,0.1076
2017-01-12T00:00:00Z,1.1,1.1,1.1,1.1,33000,0,0,1.11,1.06,0,1.11,1.1,1.07,1.08,1.16,70.83,0,33.5,0.0237,0.015,0.0087,0,-59732869,0.0171,0,0.9314,0,false,false,false,true,false,false,false,false,true,false,false,-0.01,0.04,0,false,,,,,,,,,,,63.16,70,0.7066,0,25.7,1.0813,0.0331,0.106
2017-01-16T00:00:00Z,1,1,1,1,4083486,-0.1,-9.09,1.11,1.06,0,1.07,1.08,1.06,1.08,1.16,50,0,13.89,0.0147,0.015,-0.0003,0,-63816355,0.0243,0,0.9433,0,false,false,false,false,false,true,false,false,false,false,false,-0.11,-0.06,0,false,,,,,,,,,,,29.17,58.33,0.6268,0,20.52,1.17,0.0441,0.1044
2017-01-19T00:00:00Z,1.1,1.1,1.1,1.1,1375000,0.1,10,1.11,1.05,0,1.08,1.08,1.07,1.08,1.16,61.36,58.82,19.61,0.0155,0.0151,0.0004,0,-62441355,0.0314,0,0.9546,0,false,false,false,false,true,false,false,false,false,false,false,-0.01,0.05,0,false,,,,,,,,,,,50,59.02,0.6086,0,22.12,1.1666,0.0441,0.1026
2017-01-23T00:00:00Z,1.1,1.1,1.1,1.1,825000,0,0,1.11,1.05,0,1.09,1.09,1.07,1.08,1.16,61.36,58.82,39.21,0.016,0.0153,0.0007,0,-62441355,0.0314,0,0.9654,0,false,false,false,false,false,false,false,false,false,false,false,-0.01,0.05,0,false,,,,,,,,,,,41.38,58.33,0.6175,0,22.12,1.1633,0.0441,0.1007
2017-01-24T00:00:00Z,1,1,1,1,4113486,-0.1,-9.09,1.09,1.05,0,1.06,1.07,1.06,1.08,1.16,50,0,39.21,0.0082,0.0139,-0.0057,0,-66554841,0.0386,0,0.9756,0,false,false,false,false,false,true,false,false,false,false,false,-0.09,-0.05,0,false,,,,,,,,,,,30.77,48.53,0.5556,0,16.93,1.16,0.0517,0.0987
2017-01-31T00:00:00Z,1.02,1.02,1.02,1.02,22052,0.02,2,1.08,1.05,0,1.05,1.06,1.06,1.07,1.15,47.06,20,26.27,0.0035,0.0118,-0.0083,0,-66532789,0.0364,0,0.9853,0,false,false,false,false,false,false,false,false,false,false,false,-0.06,-0.03,0,false,,,,,,,,,,,30.77,50,0.5557,0,16.96,1.1568,0.0519,0.0964
2017-02-05T00:00:00Z,1.02,1.02,1.02,1.02,78628160,0,0,1.06,1.04,0,1.04,1.05,1.06,1.07,1.15,41.3,20,13.33,-0.0001,0.0094,-0.0095,0,-66532789,0.0329,0,0.9945,0,false,false,false,false,false,false,false,false,false,false,false,-0.04,-0.02,0,false,,,,,,,,,,,37.5,50,0.1907,0,-15.77,1.1537,0.0445,0.0939
2017-02-06T00:00:00Z,1.02,1.02,1.02,1.02,73906552,0,0,1.06,1.04,0,1.03,1.05,1.05,1.07,1.15,41.3,20,20,-0.003,0.0069,-0.0099,0,-66532789,0.0329,0,1.0033,0,false,false,false,false,false,false,false,false,false,false,false,-0.04,-0.02,0,false,,,,,,,,,,,37.5,56.45,0.1176,0,-11.38,1.1506,0.0445,0.0911
2017-02-07T00:00:00Z,1.02,1.02,1.02,1.02,73906552,0,0,1.05,1.03,0,1.03,1.04,1.05,1.07,1.15,34.15,20,20,-0.0052,0.0045,-0.0097,0,-66532789,0.0293,0,1.0116,0,false,false,false,false,false,false,false,false,false,false,false,-0.03,-0.01,0,false,,,,,,,,,,,37.5,51.79,0.0863,0,-11.38,1.1476,0.0431,0.0882
2017-02-08T00:00:00Z,1.02,1.02,1.02,1.02,51000000,0,0,1.04,1.03,0,1.03,1.04,1.05,1.07,1.15,34.15,20,20,-0.0069,0.0022,-0.0091,0,-66532789,0.0293,0,1.0195,0,false,false,false,false,false,false,false,false,false,false,false,-0.02,-0.01,0,false,,,,,,,,,,,37.5,51.79,0.0723,0,-11.38,1.1446,0.04,0.085
2017-02-09T00:00:00Z,1.02,1.02,1.02,1.02,58053756,0,0,1.03,1.03,0,1.02,1.04,1.04,1.06,1.15,30.77,20,20,-0.0081,0.0002,-0.0083,0,-66532789,0.0279,0,1.17,0,false,false,false,false,false,false,false,false,false,false,false,-0.01,-0.01,0,false,,,,,,,,,,,54.55,51.79,0.061,0,-11.38,1.1417,0.0349,0.0815
2017-02-19T00:00:00Z,1.12,1.12,1.12,1.12,112000,0.1,9.8,1.04,1.03,0,1.06,1.05,1.05,1.07,1.15,52.38,100,46.67,-0.001,-0.0001,-0.0009,0,-66420789,0.03,0,1.1685,0,false,false,true,false,true,false,false,false,true,false,false,0.08,0.09,0,false,,,,,,,,,,,54.55,59.09,0.061,0,-4.08,1.1389,0.0418,0.0792
2017-03-06T00:00:00Z,1.15,1.15,1.15,1.15,230000,0.03,2.68,1.05,1.03,0,1.09,1.07,1.06,1.07,1.15,55.56,100,73.33,0.007,0.0013,0.0057,0,-66190789,0.0321,0,1.167,0,false,false,false,false,false,false,false,false,true,false,false,0.1,0.12,0,false,,,,,,,,,,,60,60.87,0.061,0,-6,1,0.0503,0.0778
2017-03-08T00:00:00Z,1.15,1.15,1.15,1.15,1150000,0,0,1.05,1.02,0,1.11,1.08,1.07,1.07,1.15,55.56,100,100,0.0132,0.0037,0.0095,0,-66190789,0.0321,0,1.1655,0,false,false,false,false,false,false,false,false,false,false,false,0.1,0.13,0,false,,,,,,,,,,,0,60.87,0.0608,0,-6,1.003,0.0572,0.0758
2017-03-12T00:00:00Z,1.15,1.15,1.15,1.15,1215254,0,0,1.07,1.03,0,1.12,1.1,1.08,1.08,1.15,55.56,100,100,0.0178,0.0065,0.0113,0,-66190789,0.0321,0,1.164,0,false,false,false,false,false,false,false,false,true,true,false,0.08,0.12,0,false,,,,,,,,,,,0,60.87,0.0606,0,0.55,1.0059,0.0606,0.0774
2017-04-13T00:00:00Z,1.15,1.15,1.15,1.15,1150000,0,0,1.08,1.03,0,1.13,1.11,1.08,1.08,1.15,71.43,100,100,0.0213,0.0095,0.0118,0,-66190789,0.025,0,1.1626,0,false,false,false,false,false,false,false,false,true,false,false,0.07,0.12,0,false,,,,,,,,,,,0,60.87,0.0604,0,0.51,1.0088,0.0626,0.079
2017-05-11T00:00:00Z,1.04,1.04,1.04,1.04,1040000,-0.11,-9.57,1.08,1.03,0,1.1,1.09,1.08,1.08,1.15,41.67,15.38,71.79,0.015,0.0106,0.0044,0,-67230789,0.0257,0,1.1612,0,false,false,false,true,false,false,false,false,false,false,false,-0.04,0.01,0,false,,,,,,,,,,,54.17,49.33,0,0,-1.05,1.0116,0.0609,0.079
2017-05-15T00:00:00Z,1.05,1.05,1.05,1.05,1312500,0.01,0.96,1.09,1.03,0,1.08,1.09,1.08,1.08,1.15,43.24,23.08,46.15,0.0107,0.0106,0.0001,0,-65918289,0.0264,0,1.1598,0,false,false,false,false,false,false,false,false,true,false,false,-0.04,0.02,0,false,,,,,,,,,,,56,46.48,0,0,0.92,1.0144,0.0584,0.0789
2017-05-17T00:00:00Z,1,1,1,1,1000000,-0.05,-4.76,1.09,1.03,0,1.06,1.07,1.07,1.07,1.14,50,0,12.82,0.0032,0.0091,-0.0059,0,-66918289,0.0229,0,1.1584,0,false,false,false,false,false,true,false,false,false,false,false,-0.09,-0.03,0,false,,,,,,,,,,,46.67,43.42,0,0,-0.58,1.15,0.0609,0.0769
2017-05-29T00:00:00Z,1,1,1,1,2056743,0,0,1.08,1.03,0,1.04,1.06,1.06,1.07,1.14,46.67,0,7.69,-0.0027,0.0068,-0.0095,0,-66918289,0.0214,0,1.1552,0,false,false,false,false,false,false,false,false,false,false,false,-0.08,-0.03,0,false,,,,,,,,,,,46.67,39.44,0,0,-0.58,1.147,0.0633,0.0747
2017-06-04T00:00:00Z,1.05,1.05,1.05,1.05,3104580,0.05,5,1.09,1.03,0,1.04,1.06,1.06,1.07,1.14,54.29,33.33,11.11,-0.0033,0.0047,-0.008,0,-63813709,0.025,0,1.1521,0,false,false,false,false,true,false,false,false,true,false,false,-0.04,0.02,0,false,,,,,,,,,,,36,43.42,0,0,4.09,1.1441,0.0609,0.0745
2017-06-13T00:00:00Z,1.06,1.06,1.06,1.06,1060000,0.01,0.95,1.08,1.04,0,1.05,1.06,1.06,1.07,1.14,55.56,40,24.44,-0.003,0.0032,-0.0062,0,-62753709,0.0257,0,1.1491,0,false,false,false,false,false,false,false,false,false,true,false,-0.02,0.02,0,false,,,,,,,,,,,30.43,42.67,0,0,5.52,1.1412,0.0602,0.0721
2017-06-19T00:00:00Z,1.05,1.05,1.05,1.05,4200000,-0.01,-0.94,1.07,1.04,0,1.05,1.06,1.06,1.07,1.14,54.05,33.33,35.55,-0.0034,0.0019,-0.0053,0,-66953709,0.0264,0,1.1461,0,false,false,false,false,false,false,false,false,false,false,false,-0.02,0.01,0,false,,,,,,,,,,,29.17,46.38,0,0,-1.15,1.1384,0.0559,0.0694
2017-07-20T00:00:00Z,1.05,1.05,1.05,1.05,105000,0,0,1.06,1.04,0,1.05,1.05,1.06,1.07,1.14,54.05,33.33,35.55,-0.0038,0.0007,-0.0045,0,-66953709,0.0264,0,1.1432,0,false,false,false,false,false,false,false,false,false,false,false,-0.01,0.01,0,false,,,,,,,,,,,29.17,46.38,0,0,-1.15,1.1356,0.0492,0.0665
2017-07-23T00:00:00Z,1.05,1.05,1.05,1.05,59580,0,0,1.05,1.05,0,1.05,1.05,1.06,1.07,1.14,54.05,83.33,50,-0.004,-0.0002,-0.0038,0,-66953709,0.0264,0,1.1403,0,false,false,false,false,false,false,false,false,false,true,false,0,0,0,false,,,,,,,,,,,29.17,46.38,0,0,-1.15,1.1329,0.039,0.0633
2017-09-20T00:00:00Z,1,1,1,1,250000,-0.05,-4.76,1.04,1.05,0,1.03,1.04,1.05,1.06,1.14,31.25,0,38.89,-0.0081,-0.0018,-0.0063,0,-67203709,0.0229,0,1.1375,0,false,false,false,true,false,true,false,false,false,false,false,-0.04,-0.05,0,false,,,,,,,,,,,38.89,43.24,0,0,-1.53,1.1302,0.0233,0.0602
2017-10-18T00:00:00Z,1,1,1,1,25086310400,0,0,1.03,1.05,0,1.02,1.04,1.05,1.06,1.14,24.14,0,27.78,-0.0112,-0.0037,-0.0075,0,-67203709,0.0207,0,1.1348,0,false,false,false,false,false,false,false,false,false,false,false,-0.03,-0.05,0,false,,,,,,,,,,,35.29,50,0,0,0.04,1.1276,0.0256,0.0568
2017-11-15T00:00:00Z,1,1,1,1,2056743,0,0,1.03,1.05,0,1.01,1.03,1.04,1.06,1.13,24.14,0,0,-0.0136,-0.0057,-0.0079,0,-67203709,0.0207,0,1.1321,0,false,false,false,false,false,false,false,false,false,false,false,-0.03,-0.05,0,false,,,,,,,,,,,50,40.74,0,0,-1.95,1.125,0.0262,0.0566
2017-12-11T00:00:00Z,1.1,1.1,1.1,1.1,110000,0.1,10,1.04,1.05,0,1.04,1.04,1.05,1.06,1.13,43.59,100,33.33,-0.0073,-0.006,-0.0013,0,-67093709,0.0279,0,1.1295,0,false,false,true,false,true,false,false,false,true,false,false,0.06,0.05,0,false,,,,,,,,,,,72.73,50,0,0,-0.26,1.1225,0.0326,0.0566
2017-12-12T00:00:00Z,1.21,1.21,1.21,1.21,121000,0.11,10,1.06,1.06,0,1.1,1.07,1.06,1.07,1.13,56,100,66.67,0.0065,-0.0035,0.01,0,-66972709,0.0357,0,1,0,false,false,false,false,false,false,false,false,true,true,false,0.15,0.15,0,false,,,,,,,,,,,78.57,66.15,0,0,-0.08,1,0.0594,0.0605
2017-12-14T00:00:00Z,1.21,1.21,1.21,1.21,24200,0,0,1.07,1.06,0,1.14,1.1,1.08,1.07,1.14,71.79,100,100,0.0173,0.0007,0.0166,0,-66972709,0.0279,0,1.0021,0,false,false,false,false,false,false,false,false,true,false,false,0.14,0.15,0,false,,,,,,,,,,,77.78,65.08,0,0,-4.95,1.0042,0.0749,0.064
2017-12-17T00:00:00Z,1.21,1.21,1.21,1.21,90750,0,0,1.09,1.06,0,1.16,1.12,1.09,1.08,1.14,71.05,100,100,0.0255,0.0056,0.0199,0,-66972709,0.0271,0,1.0042,0,false,false,false,false,false,false,false,false,true,false,false,0.12,0.15,0,false,,,,,,,,,,,80.77,65.08,0,0,-6.72,1.0083,0.0851,0.067
2017-12-18T00:00:00Z,1.21,1.21,1.21,1.21,60500,0,0,1.1,1.07,0,1.18,1.13,1.1,1.08,1.14,81.82,100,100,0.0316,0.0108,0.0208,0,-66972709,0.0236,0,1.0063,0,false,false,false,false,false,false,false,false,true,true,false,0.11,0.14,0,false,,,,,,,,,,,80.77,65.08,0,0,-0.03,1.0123,0.0912,0.0677
2017-12-25T00:00:00Z,1.21,1.21,1.21,1.21,60500,0,0,1.12,1.07,0,1.19,1.15,1.11,1.09,1.14,81.82,100,100,0.0361,0.0159,0.0202,0,-66972709,0.0236,0,1.0083,0,false,false,false,false,false,false,false,false,true,false,false,0.09,0.14,0,false,,,,,,,,,,,80.77,65.08,0,0,-0.03,1.0163,0.0943,0.0698
2018-01-02T00:00:00Z,1.21,1.21,1.21,1.21,36300,0,0,1.14,1.08,0,1.2,1.16,1.12,1.09,1.14,78.57,100,100,0.0392,0.0205,0.0187,0,-66972709,0.02,0,1.0103,0,false,false,false,false,false,false,false,false,true,true,false,0.07,0.13,0,false,,,,,,,,,,,0,65.08,0,0,-0.03,1.0202,0.0947,0.0716
2018-01-03T00:00:00Z,1.21,1.21,1.21,1.21,84700,0,0,1.16,1.08,0,1.2,1.17,1.13,1.1,1.14,77.78,100,100,0.0411,0.0247,0.0164,0,-66972709,0.0193,0,1.0123,0,false,false,false,false,false,false,false,false,true,false,false,0.05,0.13,0,false,,,,,,,,,,,0,65.08,0,0,0.34,1.024,0.085,0.073
2018-01-04T00:00:00Z,1.21,1.21,1.21,1.21,24200,0,0,1.18,1.09,0,1.2,1.18,1.14,1.1,1.14,80.77,100,100,0.0422,0.0282,0.014,0,-66972709,0.0186,0,1.0143,0,false,false,false,false,false,false,false,false,true,true,false,0.03,0.12,0,false,,,,,,,,,,,0,58.49,0,0,0.34,1.0277,0.0678,0.0743
2018-01-10T00:00:00Z,1.21,1.21,1.21,1.21,30250,0,0,1.2,1.09,0,1.21,1.18,1.14,1.11,1.14,80.77,0,66.67,0.0426,0.0311,0.0115,0,-66972709,0.0186,0,1.0163,0,false,false,false,false,false,false,false,false,true,false,false,0.01,0.12,0,false,,,,,,,,,,,0,56,0,0,0.34,1.0313,0.033,0.0752
2018-01-16T00:00:00Z,1.2,1.2,1.2,1.2,30000,-0.01,-0.83,1.21,1.09,0,1.2,1.19,1.15,1.11,1.14,77.78,0,33.33,0.0416,0.0332,0.0084,0,-67002709,0.0193,0,1.0182,0,false,false,false,true,false,false,false,false,true,false,false,-0.01,0.11,0,false,,,,,,,,,,,0,54.9,0,0,0.14,1.0349,0.0033,0.0756
2018-01-23T00:00:00Z,1.2,1.2,1.2,1.2,30000,0,0,1.21,1.1,0,1.2,1.19,1.15,1.11,1.14,95.45,0,0,0.0403,0.0346,0.0057,0,-67002709,0.0157,0,1.0201,0,false,false,false,false,false,false,false,false,false,true,false,-0.01,0.1,0,false,,,,,,,,,,,0,54.9,0,0,-0.04,1.0384,0.0041,0.0759
2018-02-01T00:00:00Z,1.2,1.2,1.2,1.2,42000,0,0,1.21,1.1,0,1.2,1.19,1.16,1.12,1.14,95.45,0,0,0.0389,0.0355,0.0034,0,-67002709,0.0157,0,1.022,0,false,false,false,false,false,false,false,false,false,false,false,-0.01,0.1,0,false,,,,,,,,,,,0,54.9,0,0,-0.04,1.0418,0.0047,0.0759
2018-03-05T00:00:00Z,1.16,1.16,1.16,1.16,1771022,-0.04,-3.33,1.2,1.1,0,1.19,1.18,1.16,1.12,1.14,80.77,0,0,0.0341,0.0352,-0.0011,0,-68773731,0.0186,0,1.0239,0,false,false,false,false,false,false,false,false,false,false,false,-0.04,0.06,0,false,,,,,,,,,,,0,63.64,0,0,-2.69,1.0452,0.0147,0.0759
2018-04-26T00:00:00Z,1.15,1.15,1.15,1.15,580750,-0.01,-0.86,1.2,1.11,0,1.18,1.18,1.16,1.12,1.14,64.71,0,0,0.0292,0.034,-0.0048,0,-69354481,0.0121,0,1.0258,0,false,false,false,false,false,false,false,false,false,true,false,-0.05,0.04,0,false,,,,,,,,,,,0,61.36,0,0,-3.56,1.0485,0.0211,0.0762
2018-04-30T00:00:00Z,1.15,1.15,1.15,1.15,162883,0,0,1.19,1.11,0,1.17,1.17,1.16,1.12,1.14,0,0,0,0.025,0.0322,-0.0072,0,-69354481,0.0043,0,1.0276,0,false,false,false,false,false,false,false,false,false,false,false,-0.04,0.04,0,false,,,,,,,,,,,0,69.23,0,0,-3.56,1.0517,0.0246,0.0764
2018-05-29T00:00:00Z,1.2,1.2,1.2,1.2,6000,0.05,4.35,1.19,1.11,0,1.18,1.18,1.16,1.12,1.14,45.45,83.33,27.78,0.0254,0.0308,-0.0054,0,-69348481,0.0079,0,1.0294,0,false,false,true,false,false,false,false,false,false,false,false,0.01,0.09,0,false,,,,,,,,,,,45.45,72.73,0,0,-3.55,1.0549,0.0239,0.0773
2018-05-30T00:00:00Z,1.2,1.2,1.2,1.2,616306880,0,0,1.19,1.11,0,1.19,1.18,1.17,1.13,1.14,45.45,83.33,55.55,0.0255,0.0298,-0.0043,0,-69348481,0.0079,0,1.0312,0,false,false,false,false,false,false,false,false,false,false,false,0.01,0.09,0,false,,,,,,,,,,,45.45,69.23,0,0,-3.55,1.058,0.0232,0.0782
2018-05-31T00:00:00Z,1.2,1.2,1.2,1.2,24000,0,0,1.19,1.11,0,1.19,1.19,1.17,1.13,1.14,45.45,100,88.89,0.0252,0.0289,-0.0037,0,-69348481,0.0079,0,1.033,0,false,false,false,false,false,false,false,false,false,false,false,0.01,0.09,0,false,,,,,,,,,,,45.45,68.42,0,0,-3.55,1.061,0.0224,0.0788
2018-06-03T00:00:00Z,1.2,1.2,1.2,1.2,36000,0,0,1.19,1.11,0,1.19,1.19,1.17,1.13,1.14,45.45,100,94.44,0.0247,0.028,-0.0033,0,-69348481,0.0079,0,1.0348,0,false,false,false,false,false,false,false,false,false,false,false,0.01,0.09,0,false,,,,,,,,,,,50,70.27,0,0,-3.55,1.064,0.0215,0.0798
2018-06-04T00:00:00Z,1.2,1.2,1.2,1.2,180000,0,0,1.19,1.11,0,1.2,1.19,1.17,1.14,1.15,45.45,100,100,0.024,0.0272,-0.0032,0,-69348481,0.0079,0,1.0366,0,false,false,false,false,false,false,false,false,false,false,false,0.01,0.09,0,false,,,,,,,,,,,50,70.27,0,0,-3.5,1.0669,0.0215,0.0807
2018-06-05T00:00:00Z,1.2,1.2,1.2,1.2,74066760,0,0,1.19,1.11,0,1.2,1.19,1.18,1.14,1.15,45.45,100,100,0.0232,0.0264,-0.0032,0,-69348481,0.0079,0,1.0383,0,false,false,false,false,false,false,false,false,false,false,false,0.01,0.09,0,false,,,,,,,,,,,50,70.27,0,0,-3.5,1.0698,0.0215,0.0816
2018-06-07T00:00:00Z,1.2,1.2,1.2,1.2,30000,0,0,1.19,1.12,0,1.2,1.19,1.18,1.14,1.15,45.45,100,100,0.0224,0.0256,-0.0032,0,-69348481,0.0079,0,1.04,0,false,false,false,false,false,false,false,false,false,true,false,0.01,0.08,0,false,,,,,,,,,,,83.33,81.25,0,0,-3.5,1.0726,0.0215,0.0825
2018-06-25T00:00:00Z,1.2,1.2,1.2,1.2,30000,0,0,1.19,1.12,0,1.2,1.19,1.18,1.14,1.15,45.45,100,100,0.0214,0.0248,-0.0034,0,-69348481,0.0079,0,1.0417,0,false,false,false,false,false,false,false,false,false,false,false,0.01,0.08,0,false,,,,,,,,,,,0,81.25,0,0,-0.84,1.0753,0.02,0.0815
2018-06-26T00:00:00Z,1.2,1.2,1.2,1.2,36000,0,0,1.2,1.12,0,1.2,1.2,1.18,1.14,1.15,50,0,66.67,0.0204,0.0239,-0.0035,0,-69348481,0.0071,0,1.0434,0,false,false,false,false,false,false,false,false,true,false,false,0,0.08,0,false,,,,,,,,,,,0,81.25,0,0,0.01,1.078,0.015,0.0822
2018-06-28T00:00:00Z,1.2,1.2,1.2,1.2,30000,0,0,1.2,1.12,0,1.2,1.2,1.18,1.15,1.15,50,0,33.33,0.0194,0.023,-0.0036,0,-69348481,0.0071,0,1.0451,0,false,false,false,false,false,false,false,false,false,false,false,0,0.08,0,false,,,,,,,,,,,0,72.73,0,0,0.01,1.0806,0,0.0829
2018-07-17T00:00:00Z,1.2,1.2,1.2,1.2,60000,0,0,1.2,1.13,0,1.2,1.2,1.19,1.15,1.15,50,0,0,0.0184,0.0221,-0.0037,0,-69348481,0.0071,0,1.0467,0,false,false,false,false,false,false,false,false,false,true,false,0,0.07,0,false,,,,,,,,,,,0,45.45,0,0,0,1.0832,0,0.0816
2018-07-18T00:00:00Z,1.2,1.2,1.2,1.2,84000,0,0,1.2,1.13,0,1.2,1.2,1.19,1.15,1.15,83.33,0,0,0.0174,0.0211,-0.0037,0,-69348481,0.0043,0,1.0483,0,false,false,false,false,false,false,false,false,false,false,false,0,0.07,0,false,,,,,,,,,,,0,45.45,0,0,0,1.0857,0,0.0806
2018-08-27T00:00:00Z,1.21,1.21,1.21,1.21,48400,0.01,0.83,1.2,1.14,0,1.2,1.2,1.19,1.15,1.15,0,100,33.33,0.0172,0.0204,-0.0032,0,-69300081,0.0043,0,1.0499,0,false,false,true,false,false,false,false,false,false,true,false,0.01,0.07,0,false,,,,,,,,,,,0,50,0,0,0.07,1.0882,0.0033,0.0797
2018-11-08T00:00:00Z,1.21,1.21,1.21,1.21,30250,0,0,1.2,1.14,0,1.21,1.2,1.19,1.16,1.15,0,100,66.67,0.0169,0.0197,-0.0028,0,-69300081,0.0043,0,1.0515,0,false,false,false,false,false,false,false,false,false,false,false,0.01,0.07,0,false,,,,,,,,,,,0,50,0,0,0.07,1.0906,0.0041,0.0786
2018-11-13T00:00:00Z,1.1,1.1,1.1,1.1,11000,-0.11,-9.09,1.19,1.14,0,1.17,1.18,1.18,1.15,1.15,8.33,0,66.67,0.0076,0.0173,-0.0097,0,-69311081,0.0086,0,1.0531,0,false,false,false,true,false,true,false,false,false,false,false,-0.09,-0.04,0,false,,,,,,,,,,,8.33,26.09,0,0,0.05,1.093,0.0309,0.077
2018-11-21T00:00:00Z,1.1,1.1,1.1,1.1,33000,0,0,1.18,1.14,0,1.15,1.17,1.17,1.15,1.15,8.33,0,33.33,0.0003,0.0139,-0.0136,0,-69311081,0.0086,0,1.0547,0,false,false,false,false,false,false,false,false,false,false,false,-0.08,-0.04,0,false,,,,,,,,,,,8.33,26.09,0,0,0.05,1.0953,0.0412,0.0752
2018-11-25T00:00:00Z,1.09,1.09,1.08,1.08,598500,-0.02,-1.82,1.17,1.14,0,1.12,1.15,1.17,1.15,1.15,7.14,0,0,-0.007,0.0097,-0.0167,0,-69909581,0.01,0,1.0563,0,false,false,false,false,false,false,false,false,false,false,false,-0.09,-0.06,0,false,,,,,,,,,,,7.14,24,-0.0009,0,-0.81,1.21,0.0506,0.0737
2018-11-26T00:00:00Z,1.08,1.08,1.08,1.08,59400,0,0,1.16,1.14,0,1.11,1.14,1.16,1.15,1.15,7.14,0,0,-0.0127,0.0052,-0.0179,0,-69909581,0.01,0,1.0578,0,false,false,false,false,false,false,false,false,false,false,false,-0.08,-0.06,0,false,,,,,,,,,,,7.14,24,-0.0009,0,-0.81,1.2074,0.0561,0.0742
2018-11-28T00:00:00Z,1.07,1.07,1.07,1.07,107000,-0.01,-0.93,1.15,1.14,0,1.1,1.13,1.15,1.14,1.15,6.67,0,0,-0.0178,0.0006,-0.0184,0,-70016581,0.0107,0,1.0593,0,false,false,false,false,false,false,false,false,false,false,false,-0.08,-0.07,0,false,,,,,,,,,,,6.67,23.08,-0.0009,0,-0.96,1.2049,0.0598,0.0749
2018-11-29T00:00:00Z,1.07,1.07,1.05,1.06,7939414,-0.01,-0.93,1.13,1.14,0,1.08,1.11,1.14,1.14,1.15,6.25,6.25,2.08,-0.0224,-0.004,-0.0184,0,-77955995,0.0121,0,1.21,0,false,false,false,false,false,false,false,false,false,false,false,-0.07,-0.08,0,false,,,,,,,,,,,6.25,23.08,-0.0009,0,-12.41,1.1995,0.0616,0.0758
2018-12-19T00:00:00Z,0.92,0.92,0.92,0.92,399605,-0.14,-13.21,1.1,1.14,0,1.03,1.08,1.12,1.13,1.14,3.33,0,2.08,-0.0369,-0.0106,-0.0263,0,-78355600,0.0221,0,1.2084,0,false,false,false,false,false,false,false,false,false,false,false,-0.18,-0.22,0,false,,,,,,,,,,,3.33,15,-0.0009,0,-12.99,1.1905,0.0836,0.0818
2018-12-23T00:00:00Z,0.9,0.9,0.9,0.9,1318144,-0.02,-2.17,1.07,1.13,0,0.99,1.05,1.1,1.12,1.14,3.12,0,2.08,-0.0494,-0.0183,-0.0311,0,-79673744,0.0236,0,1.2026,0,false,false,false,false,false,false,false,false,false,false,false,-0.17,-0.23,0,false,,,,,,,,,,,0,14.29,-0.007,0,-14.89,1.1689,0.0962,0.0881
2019-01-23T00:00:00Z,0.94,0.94,0.94,0.94,155100,0.04,4.44,1.05,1.13,0,0.97,1.03,1.08,1.11,1.14,13.89,20,6.67,-0.0555,-0.0258,-0.0297,0,-79518644,0.0264,0,1.1935,0,false,false,false,false,false,false,false,false,false,false,false,-0.11,-0.19,0,false,,,,,,,,,,,11.43,23.81,-0.007,0,-14.75,1.142,0.0918,0.0912
2019-01-31T00:00:00Z,0.94,0.94,0.94,0.94,21422976,0,0,1.02,1.13,0,0.96,1.01,1.07,1.11,1.14,13.89,20,13.33,-0.0596,-0.0325,-0.0271,0,-79518644,0.0264,0,1.1847,0,false,false,false,false,false,false,false,false,false,false,false,-0.08,-0.19,0,false,,,,,,,,,,,16.67,24.39,-0.0056,0,-14.75,1.1178,0.0783,0.0944
2019-02-12T00:00:00Z,0.9,0.9,0.88,0.88,4460000,-0.06,-6.38,1,1.12,0,0.93,0.99,1.05,1.1,1.13,11.9,0,13.33,-0.0669,-0.0394,-0.0275,0,-83978644,0.0307,0,1.1762,0,false,false,false,false,false,false,false,false,false,false,false,-0.12,-0.24,0,false,,,,,,,,,,,13.33,21.28,-0.0456,0,-21.16,1.096,0.0832,0.099
2019-02-13T00:00:00Z,0.85,0.85,0.83,0.83,4205250,-0.05,-5.68,0.97,1.12,0,0.9,0.96,1.03,1.09,1.13,10.64,0,6.67,-0.0759,-0.0467,-0.0292,0,-88183894,0.0343,0,1.1644,0,false,false,false,false,false,false,false,false,false,false,false,-0.14,-0.29,0,false,,,,,,,,,,,12.12,10.64,-0.2256,0,-27.23,1.0701,0.089,0.1059
2019-03-03T00:00:00Z,0.8,0.8,0.8,0.8,52000,-0.03,-3.61,0.94,1.12,0,0.87,0.93,1.01,1.08,1.13,8.16,0,0,-0.0845,-0.0543,-0.0302,0,-88235894,0.0357,0,1.1477,0,false,false,false,false,false,false,false,false,false,false,false,-0.14,-0.32,0,false,,,,,,,,,,,11.11,10,-0.2255,0,-26.21,1.0365,0.0939,0.1146
2019-03-05T00:00:00Z,0.75,0.75,0.72,0.72,4410000,-0.08,-10,0.91,1.11,0,0.82,0.89,0.98,1.06,1.12,7.02,0,0,-0.0966,-0.0627,-0.0339,0,-92645894,0.0414,0,1.1268,0,false,false,false,false,false,false,false,false,false,false,false,-0.19,-0.39,0,false,,,,,,,,,,,9.3,8.62,-0.3008,0,-32.52,0.9987,0.1027,0.1272
2019-03-27T00:00:00Z,0.72,0.72,0.65,0.65,495841984,-0.07,-9.72,0.86,1.1,0,0.76,0.85,0.95,1.05,1.12,7.55,0,0,-0.1106,-0.0723,-0.0383,0,-588487878,0.0386,0,1.0983,0,false,false,false,false,false,false,false,false,false,false,false,-0.21,-0.45,0,false,,,,,,,,,,,8.16,7.69,-0.9413,0,-740.5,0.9485,0.1124,0.1423
2019-04-01T00:00:00Z,0.65,0.65,0.65,0.65,487500000,0,0,0.82,1.09,0,0.72,0.81,0.92,1.03,1.12,7.55,0,0,-0.1203,-0.0819,-0.0384,0,-588487878,0.0386,0,1.0624,0,false,false,false,false,false,false,false,false,false,false,false,-0.17,-0.44,0,false,,,,,,,,,,,11.43,7.69,-0.4953,0,-654.9,0.8888,0.1082,0.1555
2019-04-03T00:00:00Z,0.65,0.65,0.65,0.65,481000000,0,0,0.8,1.08,0,0.7,0.78,0.9,1.02,1.11,7.84,0,0,-0.1265,-0.0908,-0.0357,0,-588487878,0.0371,0,1.0294,0,false,false,false,false,false,false,false,false,false,false,false,-0.15,-0.43,0,false,,,,,,,,,,,12.12,7.69,-0.3375,0,-651.05,0.841,0.1141,0.1674
2019-04-04T00:00:00Z,0.65,0.65,0.65,0.65,481000000,0,0,0.77,1.08,0,0.68,0.76,0.87,1,1.11,7.84,0,0,-0.1299,-0.0986,-0.0313,0,-588487878,0.0371,0,0.999,0,false,false,false,false,false,false,false,false,false,false,false,-0.12,-0.43,0,false,,,,,,,,,,,0,7.69,-0.256,0,-638.62,0.8028,0.116,0.1777
2019-04-07T00:00:00Z,0.65,0.65,0.65,0.65,497249984,0,0,0.74,1.07,0,0.67,0.74,0.85,0.99,1.1,8,0,0,-0.1312,-0.1052,-0.026,0,-588487878,0.0364,0,0.9711,0,false,false,false,false,false,false,false,false,false,false,false,-0.09,-0.42,0,false,,,,,,,,,,,0,7.69,-0.2048,0,-640.06,0.7722,0.1059,0.1873
2019-04-08T00:00:00Z,0.63,0.63,0.63,0.63,344051168,-0.02,-3.08,0.71,1.06,0,0.66,0.72,0.83,0.97,1.1,7.84,0,0,-0.1322,-0.1106,-0.0216,0,-932539046,0.0364,0,0.9454,0,false,false,false,false,false,false,false,false,false,false,false,-0.08,-0.43,0,false,,,,,,,,,,,0,7.46,-0.1799,0,-1072.73,0.7478,0.0871,0.197
2019-04-09T00:00:00Z,0.63,0.63,0.63,0.63,494628736,0,0,0.69,1.05,0,0.65,0.7,0.81,0.96,1.09,10.81,0,0,-0.1315,-0.1147,-0.0168,0,-932539046,0.0264,0,0.917,0,false,false,false,false,false,false,false,false,false,false,false,-0.06,-0.42,0,false,,,,,,,,,,,0,7.46,-0.1532,0,-1010.45,0.7242,0.069,0.206
2019-04-10T00:00:00Z,0.63,0.63,0.63,0.63,488249984,0,0,0.67,1.04,0,0.64,0.69,0.79,0.95,1.09,11.43,0,0,-0.1295,-0.1177,-0.0118,0,-932539046,0.025,0,0.8912,0,false,false,false,false,false,false,false,false,false,false,false,-0.04,-0.41,0,false,,,,,,,,,,,0,7.46,-0.1336,0,-957.49,0.7054,0.051,0.2131
2019-04-11T00:00:00Z,0.63,0.63,0.63,0.63,485100000,0,0,0.65,1.03,0,0.64,0.68,0.78,0.94,1.08,0,0,0,-0.1264,-0.1194,-0.007,0,-932539046,0.0221,0,0.8677,0,false,false,false,false,false,false,false,false,false,false,false,-0.02,-0.4,0,false,,,,,,,,,,,0,7.46,-0.1184,0,-956.87,0.6903,0.0256,0.2194
2019-04-15T00:00:00Z,0.63,0.63,0.63,0.63,481950016,0,0,0.64,1.02,0,0.64,0.67,0.76,0.92,1.08,0,0,0,-0.1226,-0.1201,-0.0025,0,-932539046,0.0221,0,0.8463,0,false,false,false,false,false,false,false,false,false,false,false,-0.01,-0.39,0,false,,,,,,,,,,,0,6.06,-0.1064,0,-906.56,0.6782,0.01,0.2249
2019-04-16T00:00:00Z,0.63,0.63,0.63,0.63,485100000,0,0,0.64,1.01,0,0.63,0.66,0.75,0.91,1.07,0,0,0,-0.1182,-0.1197,0.0015,0,-932539046,0.0179,0,0.8268,0,false,false,false,false,false,false,false,false,false,false,false,-0.01,-0.38,0,false,,,,,,,,,,,0,6.06,-0.0966,0,-58.46,0.6686,0.0098,0.2296
2019-04-17T00:00:00Z,0.63,0.63,0.63,0.63,481950016,0,0,0.64,1,0,0.63,0.66,0.74,0.9,1.07,0,0,0,-0.1134,-0.1184,0.005,0,-932539046,0.0143,0,0.8091,0,false,false,false,false,false,false,false,false,false,false,false,-0.01,-0.37,0,false,,,,,,,,,,,0,7.27,-0.0887,0,-58.46,0.6609,0.0092,0.2337
2019-04-18T00:00:00Z,0.63,0.63,0.63,0.63,469412992,0,0,0.63,0.98,0,0.63,0.65,0.73,0.89,1.07,0,0,0,-0.1083,-0.1164,0.0081,0,-932539046,0.0121,0,0.793,0,false,false,false,false,false,false,false,false,false,false,false,0,-0.35,0,false,,,,,,,,,,,0,7.27,-0.082,0,-58.46,0.6547,0.008,0.2372
2019-04-28T00:00:00Z,0.63,0.63,0.63,0.63,478800000,0,0,0.63,0.97,0,0.63,0.65,0.72,0.88,1.06,0,0,0,-0.1031,-0.1137,0.0106,0,-932539046,0.0064,0,0.7783,0,false,false,false,false,false,false,false,false,false,false,false,0,-0.34,0,false,,,,,,,,,,,0,7.55,-0.0761,0,-58.46,0.6498,0.006,0.2401
2019-04-29T00:00:00Z,0.63,0.63,0.63,0.63,35636352,0,0,0.63,0.96,0,0.63,0.64,0.71,0.87,1.06,0,0,0,-0.0979,-0.1106,0.0127,0,-932539046,0.0014,0,0.765,0,false,false,false,false,false,false,false,false,false,false,false,0,-0.33,0,false,,,,,,,,,,,0,7.55,-0.0757,0,-58.46,0.6458,0,0.2423
2019-05-05T00:00:00Z,0.63,0.63,0.63,0.63,1506960,0,0,0.63,0.95,0,0.63,0.64,0.7,0.86,1.05,0,0,0,-0.0926,-0.107,0.0144,0,-932539046,0.0014,0,0.7529,0,false,false,false,false,false,false,false,false,false,false,false,0,-0.32,0,false,,,,,,,,,,,0,7.69,-0.0759,0,0,0.6426,0,0.244
2019-05-23T00:00:00Z,0.63,0.63,0.63,0.63,443591488,0,0,0.63,0.94,0,0.63,0.64,0.7,0.85,1.05,0,0,0,-0.0875,-0.1031,0.0156,0,-932539046,0.0014,0,0.7418,0,false,false,false,false,false,false,false,false,false,false,false,0,-0.31,0,false,,,,,,,,,,,0,7.84,-0.0706,0,0,0.6401,0,0.2453
2019-05-26T00:00:00Z,0.63,0.63,0.63,0.63,463261056,0,0,0.63,0.93,0,0.63,0.64,0.69,0.84,1.04,0,0,0,-0.0825,-0.099,0.0165,0,-932539046,0.0014,0,0.7317,0,false,false,false,false,false,false,false,false,false,false,false,0,-0.3,0,false,,,,,,,,,,,0,10.81,-0.0658,0,0,0.6381,0,0.2462
2019-05-27T00:00:00Z,0.63,0.63,0.63,0.63,459900000,0,0,0.63,0.92,0,0.63,0.64,0.68,0.83,1.04,0,0,0,-0.0776,-0.0947,0.0171,0,-932539046,0.0014,0,0.7225,0,false,false,false,false,false,false,false,false,false,false,false,0,-0.29,0,false,,,,,,,,,,,0,11.43,-0.0621,0,0,0.6365,0,0.2464
2019-05-28T00:00:00Z,0.63,0.63,0.63,0.63,456750016,0,0,0.63,0.9,0,0.63,0.64,0.68,0.83,1.04,0,0,0,-0.0729,-0.0903,0.0174,0,-932539046,0,0,0.7142,0,false,false,false,false,false,false,false,false,false,false,false,0,-0.27,0,false,,,,,,,,,,,0,0,-0.0582,0,0,0.6352,0,0.2471
2019-05-29T00:00:00Z,0.63,0.63,0.63,0.63,497700000,0,0,0.63,0.89,0,0.63,0.63,0.67,0.82,1.03,0,0,0,-0.0684,-0.0859,0.0175,0,-932539046,0,0,0.7066,0,false,false,false,false,false,false,false,false,false,false,false,0,-0.26,0,false,,,,,,,,,,,0,0,0,0,0,0.6342,0,0.2475
2019-05-30T00:00:00Z,0.63,0.63,0.63,0.63,493920000,0,0,0.63,0.88,0,0.63,0.63,0.67,0.81,1.03,0,0,0,-0.064,-0.0816,0.0176,0,-932539046,0,0,0.6997,0,false,false,false,false,false,false,false,false,false,false,false,0,-0.25,0,false,,,,,,,,,,,0,0,0,0,0,0.6334,0,0.2475
2019-06-02T00:00:00Z,0.63,0.63,0.63,0.63,283500000,0,0,0.63,0.87,0,0.63,0.63,0.67,0.8,1.02,0,0,0,-0.0599,-0.0772,0.0173,0,-932539046,0,0,0.6934,0,false,false,false,false,false,false,false,false,false,false,false,0,-0.24,0,false,,,,,,,,,,,0,0,0,0,0,0.6327,0,0.2458
2019-06-03T00:00:00Z,0.63,0.63,0.63,0.63,469980000,0,0,0.63,0.86,0,0.63,0.63,0.66,0.8,1.02,0,0,0,-0.056,-0.073,0.017,0,-932539046,0,0,0.6877,0,false,false,false,false,false,false,false,false,false,false,false,0,-0.23,0,false,,,,,,,,,,,0,0,0,0,0,0.6322,0,0.2435
2019-06-09T00:00:00Z,0.63,0.63,0.63,0.63,485100000,0,0,0.63,0.85,0,0.63,0.63,0.66,0.79,1.02,0,0,0,-0.0523,-0.0688,0.0165,0,-932539046,0,0,0.6825,0,false,false,false,false,false,false,false,false,false,false,false,0,-0.22,0,false,,,,,,,,,,,0,0,0,0,0,0.6318,0,0.2407
2019-06-10T00:00:00Z,0.63,0.63,0.63,0.63,485100000,0,0,0.63,0.84,0,0.63,0.63,0.66,0.78,1.01,0,0,0,-0.0488,-0.0648,0.016,0,-932539046,0,0,0.6778,0,false,false,false,false,false,false,false,false,false,false,false,0,-0.21,0,false,,,,,,,,,,,0,0,0,0,0,0.6314,0,0.2373
2019-06-11T00:00:00Z,0.63,0.63,0.63,0.63,483840000,0,0,0.63,0.83,0,0.63,0.63,0.65,0.78,1.01,0,0,0,-0.0455,-0.061,0.0155,0,-932539046,0,0,0.6735,0,false,false,false,false,false,false,false,false,false,false,false,0,-0.2,0,false,,,,,,,,,,,0,0,0,0,0,0.6311,0,0.2334
2019-06-12T00:00:00Z,0.63,0.63,0.63,0.63,472500000,0,0,0.63,0.82,0,0.63,0.63,0.65,0.77,1,0,0,0,-0.0424,-0.0573,0.0149,0,-932539046,0,0,0.6696,0,false,false,false,false,false,false,false,false,false,false,false,0,-0.19,0,false,,,,,,,,,,,0,0,0,0,0,0.6309,0,0.2287
2019-06-13T00:00:00Z,0.63,0.63,0.63,0.63,471240000,0,0,0.63,0.8,0,0.63,0.63,0.65,0.77,1,0,0,0,-0.0395,-0.0537,0.0142,0,-932539046,0,0,0.666,0,false,false,false,false,false,false,false,false,false,false,false,0,-0.17,0,false,,,,,,,,,,,0,0,0,0,0,0.6307,0,0.2234
2019-06-16T00:00:00Z,0.63,0.63,0.63,0.63,262493520,0,0,0.63,0.79,0,0.63,0.63,0.65,0.76,1,0,0,0,-0.0368,-0.0503,0.0135,0,-932539046,0,0,0.6628,0,false,false,false,false,false,false,false,false,false,false,false,0,-0.16,0,false,,,,,,,,,,,0,0,0,0,0,0.6306,0,0.2174
2019-06-17T00:00:00Z,0.63,0.63,0.63,0.63,491463008,0,0,0.63,0.78,0,0.63,0.63,0.65,0.76,0.99,0,0,0,-0.0342,-0.0471,0.0129,0,-932539046,0,0,0.6598,0,false,false,false,false,false,false,false,false,false,false,false,0,-0.15,0,false,,,,,,,,,,,0,0,0,0,0,0.6305,0,0.2106
2019-06-18T00:00:00Z,0.63,0.63,0.63,0.63,491400000,0,0,0.63,0.77,0,0.63,0.63,0.64,0.75,0.99,0,0,0,-0.0318,-0.044,0.0122,0,-932539046,0,0,0.6571,0,false,false,false,false,false,false,false,false,false,false,false,0,-0.14,0,false,,,,,,,,,,,0,0,0,0,0,0.6304,0,0.2029
2019-06-19T00:00:00Z,0.63,0.63,0.63,0.63,492660000,0,0,0.63,0.76,0,0.63,0.63,0.64,0.75,0.99,0,0,0,-0.0296,-0.0412,0.0116,0,-932539046,0,0,0.6547,0,false,false,false,false,false,false,false,false,false,false,false,0,-0.13,0,false,,,,,,,,,,,0,0,0,0,0,0.6303,0,0.1943
2019-06-20T00:00:00Z,0.63,0.63,0.63,0.63,578415424,0,0,0.63,0.75,0,0.63,0.63,0.64,0.74,0.98,0,0,0,-0.0275,-0.0384,0.0109,0,-932539046,0,0,0.6525,0,false,false,false,false,false,false,false,false,false,false,false,0,-0.12,0,false,,,,,,,,,,,0,0,0,0,0,0.6302,0,0.1845
2019-07-09T00:00:00Z,0.63,0.63,0.63,0.63,630094528,0,0,0.63,0.74,0,0.63,0.63,0.64,0.74,0.98,0,0,0,-0.0255,-0.0358,0.0103,0,-932539046,0,0,0.6505,0,false,false,false,false,false,false,false,false,false,false,false,0,-0.11,0,false,,,,,,,,,,,0,0,0,0,0,0.6302,0,0.1729
2019-07-10T00:00:00Z,0.63,0.63,0.63,0.63,630062976,0,0,0.63,0.72,0,0.63,0.63,0.64,0.73,0.98,0,0,0,-0.0237,-0.0334,0.0097,0,-932539046,0,0,0.6487,0,false,false,false,false,false,false,false,false,false,false,false,0,-0.09,0,false,,,,,,,,,,,0,0,0,0,0,0.6302,0,0.1596
2019-07-11T00:00:00Z,0.63,0.63,0.63,0.63,1260000,0,0,0.63,0.71,0,0.63,0.63,0.64,0.73,0.97,0,0,0,-0.022,-0.0311,0.0091,0,-932539046,0,0,0.647,0,false,false,false,false,false,false,false,false,false,false,false,0,-0.08,0,false,,,,,,,,,,,0,0,0,0,0,0.6302,0,0.1508
2019-08-07T00:00:00Z,0.64,0.64,0.64,0.64,1280000,0.01,1.59,0.63,0.71,0,0.63,0.63,0.64,0.73,0.97,0,100,33.33,-0.0196,-0.0288,0.0092,0,-931259046,0.0007,0,0.6455,0,false,false,true,false,false,false,false,false,false,false,false,0.01,-0.07,0,false,,,,,,,,,,,0,0,0,0,0.14,0.63,0.0033,0.1407
2019-11-03T00:00:00Z,0.7,0.7,0.7,0.7,35000,0.06,9.38,0.64,0.7,0,0.66,0.64,0.64,0.73,0.97,0,100,66.67,-0.0128,-0.0256,0.0128,0,-931224046,0.005,0,0.63,0,false,false,false,false,false,false,false,false,true,false,false,0.06,0,0,false,,,,,,,,,,,0,0,0,0,0.14,0.6302,0.0209,0.1302
2019-11-04T00:00:00Z,0.71,0.71,0.71,0.71,355000,0.01,1.43,0.65,0.69,0,0.67,0.66,0.65,0.72,0.96,0,100,100,-0.0064,-0.0218,0.0154,0,-930869046,0.0057,0,0.6307,0,false,false,false,false,true,false,false,false,true,false,false,0.06,0.02,0,false,,,,,,,,,,,0,0,0,0,0.18,0.633,0.0298,0.1182
2019-11-05T00:00:00Z,0.75,0.78,0.75,0.78,999000,0.07,9.86,0.66,0.68,0,0.71,0.68,0.66,0.73,0.96,0,100,100,0.0042,-0.0166,0.0208,0,-929870046,0.0107,0,0.6323,0,false,false,false,false,false,false,false,false,true,false,false,0.12,0.1,0,false,,,,,,,,,,,0,0,0.0001,0,0.29,0.6376,0.0493,0.1059
2019-11-06T00:00:00Z,0.78,0.78,0.78,0.78,159120,0,0,0.68,0.68,0,0.73,0.7,0.67,0.73,0.96,0,100,100,0.0124,-0.0108,0.0232,0,-929870046,0.0107,0,0.6367,0,false,false,false,false,false,false,false,false,true,false,false,0.1,0.1,0,false,,,,,,,,,,,0,0,0.0001,0,0.29,0.649,0.0594,0.0924
2019-11-07T00:00:00Z,0.85,0.85,0.85,0.85,173400,0.07,8.97,0.7,0.68,0,0.77,0.72,0.69,0.73,0.96,0,100,100,0.0244,-0.0037,0.0281,0,-929696646,0.0157,0,0.641,0,false,false,false,false,false,false,false,false,true,false,false,0.15,0.17,0,false,,,,,,,,,,,0,0,0.0002,0,0.3,0.6595,0.0765,0.0892
2019-11-19T00:00:00Z,0.93,0.93,0.93,0.93,192510,0.08,9.41,0.73,0.68,0,0.82,0.76,0.71,0.74,0.96,0,100,100,0.0398,0.005,0.0348,0,-929504136,0.0214,0,0.6494,0,false,false,false,false,false,false,false,false,true,false,false,0.2,0.25,0,false,,,,,,,,,,,0,0,0.0002,0,0.33,0.6786,0.0994,0.0908
2019-11-26T00:00:00Z,0.9,0.9,0.9,0.9,1350000,-0.03,-3.23,0.76,0.68,0,0.85,0.79,0.73,0.75,0.96,90.91,90,96.67,0.0491,0.0138,0.0353,0,-930854136,0.0236,0,0.6634,0,false,false,false,false,false,false,false,false,true,false,false,0.14,0.22,0,false,,,,,,,,,,,90.91,90.91,0.0002,0,0.18,0.7088,0.1056,0.0887
2019-11-27T00:00:00Z,0.85,0.85,0.85,0.85,9209750,-0.05,-5.56,0.78,0.68,0,0.85,0.8,0.74,0.75,0.96,78.95,72.41,87.47,0.0518,0.0214,0.0304,0,-940063886,0.0271,0,0.6767,0,false,false,false,false,false,false,false,false,true,false,false,0.07,0.17,0,false,,,,,,,,,,,78.95,78.95,0.0002,0,-0.81,0.7353,0.1,0.0841
2019-11-28T00:00:00Z,0.9,0.9,0.9,0.9,450000,0.05,5.88,0.8,0.68,0,0.87,0.82,0.76,0.76,0.96,81.4,86.96,83.12,0.0573,0.0286,0.0287,0,-939613886,0.0307,0,0.6894,0,false,false,false,false,false,false,false,false,true,false,false,0.1,0.22,0,false,,,,,,,,,,,80.95,81.4,0.0002,0,-0.76,0.7587,0.0929,0.0851
2019-12-01T00:00:00Z,0.9,0.9,0.9,0.9,193500,0,0,0.83,0.68,0,0.88,0.83,0.77,0.76,0.96,81.4,86.36,81.91,0.0609,0.035,0.0259,0,-939613886,0.0307,0,0.7014,0,false,false,false,false,false,false,false,false,true,false,false,0.07,0.22,0,false,,,,,,,,,,,77.78,81.4,0.0002,0,-0.9,0.7793,0.0786,0.0882
2019-12-08T00:00:00Z,0.91,0.93,0.91,0.93,2916000,0.03,3.33,0.85,0.68,0,0.9,0.85,0.79,0.77,0.96,82.61,100,91.11,0.0655,0.0411,0.0244,0,-936697886,0.0329,0,0.7128,0,false,false,false,false,false,false,false,false,true,false,false,0.08,0.25,0,false,,,,,,,,,,,78.95,82.61,0.0011,0,-0.59,0.7974,0.0705,0.0935
2019-12-11T00:00:00Z,0.97,1,0.97,1,7145039,0.07,7.53,0.88,0.69,1.02,0.93,0.88,0.81,0.78,0.96,84.91,100,95.45,0.0739,0.0477,0.0262,0,-929552847,0.0379,0,0.7237,0,false,false,false,false,false,false,false,false,true,true,false,0.12,0.31,-0.02,false,,,,,,,,,,,78.95,84.91,0.0033,0,0.14,0.8133,0.0651,0.1036
2020-01-05T00:00:00Z,1,1,1,1,10000,0,0,0.9,0.69,1.01,0.95,0.9,0.83,0.79,0.96,84.91,100,100,0.0797,0.0541,0.0256,0,-929552847,0.0379,0,0.7403,0,false,false,false,false,false,false,false,false,true,false,false,0.1,0.31,-0.01,false,,,,,,,,,,,78.95,84.91,0.0039,0,0.03,0.8394,0.0641,0.1124
2020-02-11T00:00:00Z,0.9,0.9,0.9,0.9,90000,-0.1,-10,0.92,0.7,1.01,0.94,0.9,0.83,0.79,0.96,70.97,33.33,77.78,0.0753,0.0583,0.017,0,-929642847,0.0443,0,0.7559,0,false,false,false,true,false,false,false,false,true,true,false,-0.02,0.2,-0.11,false,,,,,,,,,,,56.1,71.43,0.0047,0,0.02,0.8619,0.0492,0.1159
2020-02-12T00:00:00Z,0.82,0.82,0.82,0.82,82000,-0.08,-8.89,0.91,0.7,1.01,0.9,0.89,0.83,0.79,0.95,59.37,0,44.44,0.0646,0.0596,0.005,0,-929724847,0.0457,0,0.7705,0,false,false,false,false,false,false,false,false,false,false,false,-0.09,0.12,-0.19,false,,,,,,,,,,,36.59,63.38,0.0059,0,0,1,0.0539,0.1169
2020-02-13T00:00:00Z,0.75,0.75,0.75,0.75,75000,-0.07,-8.54,0.9,0.7,1.01,0.85,0.86,0.82,0.79,0.95,52.86,0,11.11,0.05,0.0577,-0.0077,0,-929799847,0.05,0,1,0,false,false,false,false,false,false,false,false,false,false,false,-0.15,0.05,-0.26,false,,,,,,,,,,,33.33,57.69,0.0086,0,-0.03,0.9964,0.0722,0.1169
2020-02-16T00:00:00Z,0.68,0.68,0.68,0.68,68000,-0.07,-9.33,0.87,0.7,1,0.79,0.83,0.81,0.79,0.95,42.86,0,0,0.0323,0.0526,-0.0203,0,-929867847,0.05,0,0.9975,0,false,false,false,false,false,true,false,false,false,false,false,-0.19,-0.02,-0.32,false,,,,,,,,,,,31.91,52.94,0.0169,0,0.11,0.9865,0.0966,0.1167
2020-02-17T00:00:00Z,0.65,0.65,0.65,0.65,65000,-0.03,-4.41,0.85,0.7,1,0.74,0.8,0.79,0.78,0.95,41.1,0,0,0.0157,0.0452,-0.0295,0,-929932847,0.0521,0,0.9912,0,false,false,false,false,false,false,false,false,false,false,false,-0.2,-0.05,-0.35,false,,,,,,,,,,,22.22,51.14,0.4236,0,1.08,0.9681,0.1177,0.1165
2020-03-04T00:00:00Z,0.65,0.65,0.65,0.65,650649984,0,0,0.83,0.7,0.99,0.71,0.77,0.78,0.78,0.94,34.85,0,0,0.0025,0.0367,-0.0342,0,-929932847,0.0471,0,0.981,0,false,false,false,false,false,false,false,false,false,false,false,-0.18,-0.05,-0.34,false,,,,,,,,,,,22.22,51.14,0.0164,0,1.03,0.9427,0.131,0.1162
2020-03-15T00:00:00Z,0.65,0.65,0.65,0.65,650000000,0,0,0.8,0.7,0.99,0.69,0.75,0.77,0.77,0.94,25.86,0,0,-0.0078,0.0278,-0.0356,0,-929932847,0.0414,0,0.9711,0,false,false,false,false,false,false,false,false,false,false,false,-0.15,-0.05,-0.34,false,,,,,,,,,,,16.67,51.14,0.0084,0,1.03,0.9193,0.1385,0.116
2020-03-16T00:00:00Z,0.65,0.65,0.65,0.65,975000000,0,0,0.78,0.71,0.99,0.68,0.73,0.76,0.77,0.94,27.27,0,0,-0.0158,0.0191,-0.0349,0,-929932847,0.0393,0,0.9615,0,false,false,false,false,false,false,false,false,false,true,false,-0.13,-0.06,-0.34,false,,,,,,,,,,,0,51.14,0.0048,0,0.72,0.8978,0.1383,0.1158
2020-06-22T00:00:00Z,0.65,0.65,0.65,0.65,650000,0,0,0.74,0.71,0.98,0.67,0.72,0.75,0.76,0.94,30,0,0,-0.0219,0.0109,-0.0328,0,-929932847,0.0357,0,0.9522,0,false,false,false,false,false,false,false,false,false,false,false,-0.09,-0.06,-0.33,false,,,,,,,,,,,0,51.14,0.0048,0,-0.04,0.878,0.1199,0.1156
2020-06-24T00:00:00Z,0.65,0.65,0.65,0.65,650000,0,0,0.71,0.71,0.98,0.66,0.7,0.74,0.76,0.93,22.22,0,0,-0.0265,0.0034,-0.0299,0,-929932847,0.0321,0,0.9431,0,false,false,false,false,false,false,false,false,false,false,false,-0.06,-0.06,-0.33,false,,,,,,,,,,,0,51.14,0.0044,0,-0.04,0.8598,0.0849,0.1153
2020-07-21T00:00:00Z,0.65,0.65,0.65,0.65,650000,0,0,0.68,0.71,0.97,0.66,0.69,0.73,0.75,0.93,22.22,0,0,-0.0297,-0.0032,-0.0265,0,-929932847,0.0321,0,0.9343,0,false,false,false,false,false,false,false,false,false,false,false,-0.03,-0.06,-0.32,false,,,,,,,,,,,0,51.14,0.0044,0,-0.03,0.843,0.0556,0.1151
2020-09-09T00:00:00Z,0.65,0.65,0.65,0.65,26737662,0,0,0.66,0.71,0.97,0.66,0.69,0.72,0.75,0.93,16.67,0,0,-0.0319,-0.009,-0.0229,0,-929932847,0.03,0,0.9258,0,false,false,false,false,false,false,false,false,false,false,false,-0.01,-0.06,-0.32,false,,,,,,,,,,,0,50.57,0.0043,0,-0.02,0.8276,0.0304,0.1149
2020-12-16T00:00:00Z,0.7,0.7,0.7,0.7,1400000,0.05,7.69,0.66,0.71,0.97,0.67,0.69,0.72,0.75,0.92,12.5,100,33.33,-0.0293,-0.013,-0.0163,0,-928532847,0.0286,0,0.9175,0,false,false,true,false,false,false,false,false,false,false,false,0.04,-0.01,-0.27,false,,,,,,,,,,,62.5,50,0.0043,0,0.14,0.8134,0.0166,0.1144
2020-12-17T00:00:00Z,0.76,0.76,0.76,0.76,1900000,0.06,8.57,0.67,0.71,0.97,0.7,0.7,0.72,0.75,0.92,23.91,100,66.67,-0.0221,-0.0148,-0.0073,0,-926632847,0.0329,0,0.9095,0,false,false,false,false,true,false,false,false,true,false,false,0.09,0.05,-0.21,false,,,,,,,,,,,0,52.75,0.0043,0,0.35,0.8003,0.0347,0.114
2020-12-20T00:00:00Z,0.8,0.8,0.79,0.8,9530465,0.04,5.26,0.68,0.71,0.96,0.73,0.72,0.73,0.75,0.92,37.5,100,100,-0.0131,-0.0145,0.0014,0,-917102382,0.0286,0,0.9017,0,false,false,false,false,false,false,false,false,true,false,false,0.12,0.09,-0.16,false,,,,,,,,,,,0,51.14,0.0084,0,1.38,0.65,0.0524,0.1141
2021-01-11T00:00:00Z,0.8,0.8,0.8,0.8,1600000000,0,0,0.7,0.72,0.96,0.76,0.73,0.74,0.75,0.92,46.88,100,100,-0.0058,-0.0128,0.007,0,-917102382,0.0229,0,0.8941,0,false,false,false,false,false,false,false,false,true,true,false,0.1,0.08,-0.16,false,,,,,,,,,,,0,51.14,0.005,0,1.38,0.653,0.062,0.1141
2021-01-12T00:00:00Z,0.8,0.8,0.8,0.8,3752440064,0,0,0.71,0.72,0.96,0.77,0.75,0.74,0.75,0.92,60,100,100,-0.0001,-0.0102,0.0101,0,-917102382,0.0179,0,0.8868,0,false,false,false,false,false,false,false,false,true,false,false,0.09,0.08,-0.16,false,,,,,,,,,,,0,46.91,0.0026,0,1.38,0.6559,0.067,0.114
2021-01-14T00:00:00Z,0.8,0.8,0.8,0.8,23360000,0,0,0.73,0.72,0.96,0.78,0.76,0.75,0.76,0.92,83.33,100,100,0.0044,-0.0073,0.0117,0,-917102382,0.0129,0,0.8797,0,false,false,false,false,false,false,false,false,true,false,false,0.07,0.08,-0.16,false,,,,,,,,,,,0,41.1,0.0022,0,1.38,0.6588,0.0685,0.1137
2021-01-21T00:00:00Z,0.8,0.8,0.8,0.8,400000,0,0,0.74,0.73,0.95,0.79,0.76,0.75,0.76,0.92,0,100,100,0.0079,-0.0043,0.0122,0,-917102382,0.0107,0,0.8728,0,false,false,false,false,false,false,false,false,true,true,false,0.06,0.07,-0.15,false,,,,,,,,,,,0,42.86,0.0012,0,1.38,0.6616,0.0666,0.1134
2021-01-24T00:00:00Z,0.76,0.8,0.76,0.8,9606993,0,0,0.76,0.73,0.95,0.79,0.77,0.76,0.76,0.92,0,100,100,0.0105,-0.0013,0.0118,0,-917102382,0.0136,0,0.8661,0,false,false,false,false,false,false,false,false,true,false,false,0.04,0.07,-0.15,false,,,,,,,,,,,0,46.15,0.0025,0,1.38,0.6644,0.0611,0.113
2021-01-25T00:00:00Z,0.8,0.8,0.8,0.8,3210868,0,0,0.77,0.73,0.95,0.79,0.78,0.76,0.76,0.91,0,100,100,0.0125,0.0015,0.011,0,-917102382,0.0136,0,0.8596,0,false,false,false,false,false,false,false,false,true,false,false,0.03,0.07,-0.15,false,,,,,,,,,,,0,41.67,0.0025,0,1.38,0.6671,0.0507,0.1124
2021-01-31T00:00:00Z,0.8,0.8,0.8,0.8,1680000,0,0,0.79,0.74,0.95,0.8,0.78,0.77,0.76,0.91,0,100,100,0.0139,0.0039,0.01,0,-917102382,0.0136,0,0.8533,0,false,false,false,false,false,false,false,false,true,true,false,0.01,0.06,-0.15,false,,,,,,,,,,,0,41.67,0.0025,0,1.38,0.6698,0.0311,0.1118
2021-02-01T00:00:00Z,0.8,0.8,0.8,0.8,240000,0,0,0.8,0.74,0.94,0.8,0.78,0.77,0.76,0.91,0,100,100,0.0148,0.0061,0.0087,0,-917102382,0.0136,0,0.8472,0,false,false,false,false,false,false,false,false,true,false,false,0,0.06,-0.14,false,,,,,,,,,,,0,38.6,0.0025,0,1.23,0.6724,0.0121,0.111
2021-02-02T00:00:00Z,0.8,0.8,0.8,0.8,8000,0,0,0.8,0.74,0.94,0.8,0.79,0.77,0.77,0.91,0,100,100,0.0153,0.008,0.0073,0,-917102382,0.0136,0,0.8413,0,false,false,false,false,false,false,false,false,false,false,false,0,0.06,-0.14,false,,,,,,,,,,,0,30,0.0025,0,1.03,0.675,0,0.1101
2021-02-04T00:00:00Z,0.8,0.8,0.8,0.8,37008000,0,0,0.8,0.75,0.94,0.8,0.79,0.77,0.77,0.91,0,100,100,0.0156,0.0095,0.0061,0,-917102382,0.0136,0,0.8356,0,false,false,false,false,false,false,false,false,false,true,false,0,0.05,-0.14,false,,,,,,,,,,,0,30,0.0025,0,0,0.6775,0,0.1092
2021-02-07T00:00:00Z,0.8,0.8,0.8,0.8,32000000,0,0,0.8,0.75,0.94,0.8,0.79,0.78,0.77,0.91,0,100,100,0.0156,0.0107,0.0049,0,-917102382,0.0136,0,0.83,0,false,false,false,false,false,false,false,false,false,false,false,0,0.05,-0.14,false,,,,,,,,,,,0,37.5,0.0027,0,0,0.68,0,0.1081
2021-02-09T00:00:00Z,0.8,0.84,0.8,0.84,11284000,0.04,5,0.8,0.76,0.94,0.81,0.8,0.78,0.77,0.91,0,100,100,0.0187,0.0123,0.0064,0,-905818382,0.0129,0,0.65,0,false,false,true,false,false,false,false,false,false,true,false,0.04,0.08,-0.1,false,,,,,,,,,,,0,52.78,0.0047,0,1.23,0.6824,0.0121,0.1074
2021-02-10T00:00:00Z,0.85,0.9,0.85,0.9,1494636,0.06,7.14,0.81,0.76,0.94,0.84,0.82,0.79,0.78,0.91,0,100,100,0.0256,0.015,0.0106,0,-904323746,0.0129,0,0.6519,0,false,false,false,false,false,false,false,false,true,false,false,0.09,0.14,-0.04,false,,,,,,,,,,,0,71.43,0.0058,0,1.39,0.6887,0.0311,0.1077
2021-02-11T00:00:00Z,0.95,0.95,0.95,0.95,950000,0.05,5.56,0.83,0.77,0.93,0.88,0.84,0.81,0.78,0.91,0,100,100,0.0348,0.0189,0.0159,0,-903373746,0.0136,0,0.6569,0,false,false,false,false,false,false,false,false,true,true,false,0.12,0.18,0.02,false,,,,,,,,,,,0,90.91,0.0058,0,1.5,0.7014,0.0507,0.1092
2021-02-14T00:00:00Z,0.99,0.99,0.99,0.99,475200,0.04,4.21,0.85,0.77,0.93,0.92,0.87,0.83,0.79,0.91,0,100,100,0.0447,0.0241,0.0206,0,-902898546,0.0164,0,0.6657,0,false,false,false,false,false,false,false,false,true,false,false,0.14,0.22,0.06,false,,,,,,,,,,,0,0,0.0058,0,1.55,0.7213,0.0687,0.1117
2021-03-22T00:00:00Z,1,1,1,1,250000,0.01,1.01,0.87,0.78,0.93,0.94,0.89,0.84,0.8,0.91,0,100,100,0.0528,0.0298,0.023,0,-902648546,0.0171,0,0.6787,0,false,false,false,false,false,false,false,false,true,true,false,0.13,0.22,0.07,false,,,,,,,,,,,0,0,0.0058,0,1.58,0.7482,0.08,0.1141
2021-03-23T00:00:00Z,1,1,1,1,250000,0,0,0.89,0.79,0.93,0.96,0.91,0.86,0.81,0.91,0,100,100,0.0585,0.0356,0.0229,0,-902648546,0.0171,0,0.6948,0,false,false,false,false,false,false,false,false,true,true,false,0.11,0.21,0.07,false,,,,,,,,,,,0,0,0.0058,0,1.58,0.7784,0.0853,0.116
2021-03-28T00:00:00Z,1.05,1.05,1.05,1.05,262500,0.05,5,0.91,0.8,0.93,0.99,0.94,0.88,0.82,0.91,0,100,100,0.0664,0.0417,0.0247,0,-902386046,0.0207,0,0.7101,0,false,false,false,false,false,false,false,false,true,true,false,0.14,0.25,0.12,false,,,,,,,,,,,0,0,0.0058,0,1.6,0.805,0.0922,0.1193
2021-04-11T00:00:00Z,1.05,1.05,1.05,1.05,110250,0,0,0.94,0.81,0.93,1.01,0.96,0.89,0.83,0.91,0,100,100,0.0717,0.0477,0.024,0,-902386046,0.0179,0,0.7305,0,false,false,false,false,false,false,false,false,true,true,false,0.11,0.24,0.12,false,,,,,,,,,,,0,0,0.0058,0,1.6,0.8393,0.0921,0.122
2021-04-28T00:00:00Z,1,1,1,1,150000,-0.05,-4.76,0.96,0.81,0.93,1.01,0.97,0.9,0.83,0.91,83.33,80,93.33,0.0711,0.0524,0.0187,0,-902536046,0.0214,0,0.7497,0,false,false,false,false,false,false,false,false,true,false,false,0.04,0.19,0.07,false,,,,,,,,,,,83.33,88.89,0.0041,0,1.59,0.8688,0.081,0.1223
2021-05-02T00:00:00Z,0.95,0.95,0.95,0.95,95000,-0.05,-5,0.97,0.82,0.93,0.99,0.96,0.91,0.84,0.92,71.43,50,76.67,0.0659,0.0551,0.0108,0,-902631046,0.025,0,0.7677,0,false,false,false,true,false,false,false,false,true,true,false,-0.02,0.13,0.02,false,,,,,,,,,,,67.74,80,0.0058,0,1.58,0.8942,0.062,0.1208
2021-05-03T00:00:00Z,1.03,1.03,1.03,1.03,1030000,0.08,8.42,0.99,0.83,0.93,1,0.97,0.92,0.84,0.92,76.74,80,70,0.0674,0.0576,0.0098,0,-901601046,0.0307,0,0.7846,0,false,false,true,false,false,false,false,false,true,true,false,0.04,0.2,0.1,false,,,,,,,,,,,69.7,82.76,0.1807,0,0.47,0.916,0.0451,0.1215
2021-05-31T00:00:00Z,0.98,0.98,0.98,0.98,602700,-0.05,-4.85,1,0.83,0.93,0.99,0.98,0.92,0.85,0.92,68.75,30,53.33,0.0638,0.0588,0.005,0,-902203746,0.0343,0,0.8005,0,false,false,false,true,false,false,false,false,true,false,false,-0.02,0.15,0.05,false,,,,,,,,,,,54.55,74.14,0.2214,0,0.23,0.9348,0.0338,0.122
2021-06-01T00:00:00Z,1,1,1,1,500000,0.02,2.04,1.01,0.84,0.92,1,0.98,0.93,0.86,0.92,70,50,53.33,0.0618,0.0594,0.0024,0,-901703746,0.0357,0,0.8155,0,false,false,false,false,false,false,false,false,true,true,false,-0.01,0.16,0.08,false,,,,,,,,,,,51.61,72.22,0.2212,0,0.18,0.9509,0.0294,0.1229
2021-06-08T00:00:00Z,0.99,1,0.99,1,3458341,0,0,1.01,0.84,0.92,1,0.98,0.94,0.86,0.92,70,50,43.33,0.0596,0.0594,0.0002,0,-901703746,0.0364,0,0.8296,0,false,false,false,false,false,false,false,false,false,false,false,-0.01,0.16,0.08,false,,,,,,,,,,,50,70,0.1708,0,0.13,0.9648,0.0291,0.1246
2021-07-11T00:00:00Z,1,1,1,1,100000,0,0,1.01,0.85,0.92,1,0.99,0.94,0.87,0.92,67.39,50,50,0.0572,0.059,-0.0018,0,-901703746,0.0336,0,0.8428,0,false,false,false,false,false,false,false,false,false,true,false,-0.01,0.15,0.08,false,,,,,,,,,,,50,70,0.1766,0,0.1,0.9767,0.0291,0.1261
2021-08-05T00:00:00Z,1,1,1,1,4113486,0,0,1.01,0.85,0.92,1,0.99,0.95,0.87,0.92,62.5,50,50,0.0547,0.0581,-0.0034,0,-901703746,0.0293,0,0.8552,0,false,false,false,false,false,false,false,false,false,false,false,-0.01,0.15,0.08,false,,,,,,,,,,,40,70,0.172,0,0.1,0.987,0.0291,0.1279
2021-09-27T00:00:00Z,1,1,1,1,8000000000,0,0,1,0.85,0.92,1,0.99,0.95,0.88,0.92,57.14,62.5,54.17,0.052,0.0569,-0.0049,0,-901703746,0.0257,0,0.8669,0,false,false,false,false,false,false,false,false,false,false,false,0,0.15,0.08,false,,,,,,,,,,,40,70,0.002,0,0.08,0.9958,0.0252,0.1291
2021-09-29T00:00:00Z,1,1,1,1,8000000000,0,0,1,0.85,0.92,1,0.99,0.96,0.88,0.92,51.61,62.5,58.33,0.0494,0.0554,-0.006,0,-901703746,0.0229,0,0.8779,0,false,false,false,false,false,false,false,false,false,false,false,0,0.15,0.08,false,,,,,,,,,,,50,70,0.001,0,0.08,1.05,0.0191,0.1306
2021-09-30T00:00:00Z,1,1,1,1,8000000000,0,0,1,0.86,0.92,1,0.99,0.96,0.89,0.92,50,40,55,0.0468,0.0537,-0.0069,0,-901703746,0.0221,0,0.8882,0,false,false,false,false,false,false,false,false,false,true,false,0,0.14,0.08,false,,,,,,,,,,,66.67,70,0.0007,0,0.09,1.049,0.0191,0.1322
2021-10-17T00:00:00Z,1,1,1,1,75000000,0,0,1,0.86,0.92,1,1,0.97,0.89,0.92,50,100,67.5,0.0442,0.0518,-0.0076,0,-901703746,0.0221,0,0.8979,0,false,false,false,false,false,false,false,false,false,false,false,0,0.14,0.08,false,,,,,,,,,,,28.57,70,0.0007,0,0.1,1.048,0.0114,0.1336
2021-10-20T00:00:00Z,1,1,1,1,75000000,0,0,1,0.86,0.92,1,1,0.97,0.9,0.92,40,100,80,0.0416,0.0498,-0.0082,0,-901703746,0.0186,0,0.907,0,false,false,false,false,false,false,false,false,false,false,false,0,0.14,0.08,false,,,,,,,,,,,0,70,0.0002,0,-0.01,1.047,0.006,0.1349
2021-10-21T00:00:00Z,1,1,1,1,75000000,0,0,1,0.86,0.92,1,1,0.97,0.9,0.92,40,100,100,0.0392,0.0476,-0.0084,0,-901703746,0.0186,0,0.9156,0,false,false,false,false,false,false,false,false,false,false,false,0,0.14,0.08,false,,,,,,,,,,,0,70,0.0001,0,0.06,1.0461,0,0.1359
2021-10-26T00:00:00Z,1,1,1,1,62000000,0,0,1,0.86,0.92,1,1,0.97,0.9,0.93,50,0,66.67,0.0368,0.0455,-0.0087,0,-901703746,0.015,0,0.9237,0,false,false,false,false,false,false,false,false,false,false,false,0,0.14,0.08,false,,,,,,,,,,,0,70,0.0001,0,0,1.0452,0,0.1359
2022-03-09T00:00:00Z,1,1,1,1,750001,0,0,1,0.86,0.92,1,1,0.98,0.91,0.93,66.67,0,33.33,0.0345,0.0433,-0.0088,0,-901703746,0.0114,0,0.9313,0,false,false,false,false,false,false,false,false,false,false,false,0,0.14,0.08,false,,,,,,,,,,,0,70,0.0001,0,0,1.0443,0,0.1359
2022-03-10T00:00:00Z,1,1,1,1,35028364,0,0,1,0.87,0.92,1,1,0.98,0.91,0.93,28.57,0,0,0.0323,0.0411,-0.0088,0,-901703746,0.0057,0,0.9384,0,false,false,false,false,false,false,false,false,false,true,false,0,0.13,0.08,false,,,,,,,,,,,0,70,0.0001,0,0,1.0434,0,0.1372
2022-03-14T00:00:00Z,1.02,1.02,1.02,1.02,25273932,0.02,2,1,0.87,0.93,1.01,1,0.98,0.91,0.93,0,100,33.33,0.0318,0.0392,-0.0074,0,-876429814,0.0036,0,0.9451,0,false,false,true,false,false,false,false,false,false,false,true,0.02,0.15,0.09,false,,,,,,,,,,,0,68.75,0.0001,0,2.8,1.0425,0.006,0.1387
2022-03-15T00:00:00Z,1.02,1.02,1.02,1.02,11220000,0,0,1,0.87,0.93,1.01,1.01,0.99,0.92,0.93,0,100,66.67,0.0311,0.0376,-0.0065,0,-876429814,0.0021,0,0.9514,0,false,false,false,false,false,false,false,false,false,false,false,0.02,0.15,0.09,false,,,,,,,,,,,0,64.29,0.0001,0,2.8,1.0417,0.008,0.1393
2022-03-16T00:00:00Z,1,1,1,1,60000000,-0.02,-1.96,1,0.88,0.93,1.01,1,0.99,0.92,0.93,50,0,66.67,0.0286,0.0358,-0.0072,0,-936429814,0.0029,0,0.9573,0,false,false,false,false,false,false,false,false,false,true,false,0,0.12,0.07,false,,,,,,,,,,,50,56.41,0.0001,0,-3.85,1.0409,0.008,0.1375
2022-03-17T00:00:00Z,1,1,1,1,47000000,0,0,1,0.89,0.93,1,1,0.99,0.93,0.93,50,0,33.33,0.0263,0.0339,-0.0076,0,-936429814,0.0029,0,0.9629,0,false,false,false,false,false,false,false,false,false,true,false,0,0.11,0.07,false,,,,,,,,,,,50,51.43,0.0001,0,-3.85,1.0401,0.008,0.1345
2022-03-22T00:00:00Z,1.02,1.02,1.02,1.02,98940000,0.02,2,1.01,0.9,0.93,1.01,1.01,0.99,0.93,0.93,66.67,100,33.33,0.0258,0.0323,-0.0065,0,-837489814,0.0043,0,0.9681,0,false,false,true,false,false,false,false,false,true,true,false,0.01,0.12,0.09,false,,,,,,,,,,,66.67,52.78,0.0001,0,7.12,1.0393,0.0092,0.1313
2022-03-23T00:00:00Z,1.02,1.02,1.02,1.02,10200000,0,0,1.01,0.9,0.93,1.01,1.01,0.99,0.93,0.93,66.67,100,66.67,0.0251,0.0308,-0.0057,0,-837489814,0.0043,0,0.973,0,false,false,false,false,false,false,false,false,false,false,false,0.01,0.12,0.09,false,,,,,,,,,,,66.67,52.78,0.0001,0,7.12,1.0385,0.0098,0.1277
2022-03-24T00:00:00Z,1.02,1.02,1.02,1.02,2307665,0,0,1.01,0.91,0.93,1.02,1.01,1,0.94,0.93,66.67,100,100,0.0242,0.0295,-0.0053,0,-837489814,0.0043,0,0.9776,0,false,false,false,false,false,false,false,false,false,true,false,0.01,0.11,0.09,false,,,,,,,,,,,66.67,45.16,0.0001,0,7.12,1.0377,0.01,0.1235
2022-03-27T00:00:00Z,1,1,1,1,40000000,-0.02,-1.96,1.01,0.92,0.93,1.01,1.01,1,0.94,0.93,50,0,66.67,0.0217,0.028,-0.0063,0,-877489814,0.0057,0,0.9819,0,false,false,false,true,false,false,false,false,false,true,false,-0.01,0.08,0.07,false,,,,,,,,,,,50,42.42,0.0001,0,2.69,1.0369,0.01,0.1183
2022-03-28T00:00:00Z,1,1,1,1,35000000,0,0,1.01,0.92,0.93,1.01,1.01,1,0.94,0.93,50,0,33.33,0.0195,0.0263,-0.0068,0,-877489814,0.0057,0,0.986,0,false,false,false,false,false,false,false,false,false,false,false,-0.01,0.08,0.07,false,,,,,,,,,,,50,50,0,0,2.69,1.0362,0.01,0.1125
2022-03-29T00:00:00Z,1,1,1,1,78000000,0,0,1.01,0.93,0.93,1,1.01,1,0.94,0.93,50,0,0,0.0175,0.0245,-0.007,0,-877489814,0.0057,0,0.9898,0,false,false,false,false,false,false,false,false,false,true,false,-0.01,0.07,0.07,false,,,,,,,,,,,33.33,60.87,0,0,2.69,1.0355,0.01,0.1059
2022-03-30T00:00:00Z,1.01,1.01,1.01,1.01,5050000,0.01,1,1.01,0.94,0.93,1.01,1.01,1,0.95,0.94,55.56,50,16.67,0.0166,0.0229,-0.0063,0,-872439814,0.0064,0,0.9934,0,true,false,false,false,false,false,false,false,false,true,false,0,0.07,0.08,true,,,,,,,,,,,42.86,43.75,0,0,0.46,1.0348,0.0094,0.0986
2022-03-31T00:00:00Z,1.02,1.02,1.02,1.02,94860000,0.01,0.99,1.01,0.94,0.93,1.01,1.01,1,0.95,0.94,60,100,50,0.0165,0.0216,-0.0051,0,-777579814,0.0071,0,0.9968,0,false,false,true,false,false,false,false,false,false,false,false,0.01,0.08,0.09,true,,,,,,,,,,,66.67,66.67,0,0,11.28,1.0341,0.0094,0.0931
2022-04-07T00:00:00Z,1.02,1.02,1.02,1.02,35700000,0,0,1.01,0.95,0.93,1.01,1.01,1,0.95,0.94,60,100,83.33,0.0162,0.0206,-0.0044,0,-777579814,0.0071,0,1,0,false,false,false,false,false,false,false,false,false,true,false,0.01,0.07,0.09,true,,,,,,,,,,,66.67,60,0,0,16.96,1.0334,0.0094,0.0899
2022-04-11T00:00:00Z,1.02,1.02,1.02,1.02,20400000,0,0,1.01,0.95,0.93,1.02,1.01,1,0.95,0.94,60,100,100,0.0158,0.0196,-0.0038,0,-777579814,0.0071,0,1.003,0,false,false,false,false,false,false,false,false,false,false,false,0.01,0.07,0.09,true,,,,,,,,,,,50,60,0,0,16.96,1.0327,0.009,0.0878
2022-05-09T00:00:00Z,1.02,1.02,1.02,1.02,13453800448,0,0,1.01,0.96,0.93,1.02,1.01,1.01,0.96,0.94,50,100,100,0.0153,0.0187,-0.0034,0,-777579814,0.0057,0,1.0058,0,false,false,false,false,false,false,false,false,false,true,false,0.01,0.06,0.09,true,,,,,,,,,,,50,60,0,0,7.15,1.032,0.009,0.0854
2022-10-04T00:00:00Z,1.02,1.02,1.02,1.02,20400,0,0,1.01,0.96,0.93,1.02,1.02,1.01,0.96,0.94,50,100,100,0.0147,0.0179,-0.0032,0,-777579814,0.0057,0,1.0085,0,false,false,false,false,false,false,false,false,false,false,false,0.01,0.06,0.09,true,,,,,,,,,,,50,60,0,0,7.15,1.0314,0.009,0.0828
2022-10-23T00:00:00Z,1.1,1.1,1.1,1.1,5000000,0.08,7.84,1.02,0.97,0.93,1.05,1.03,1.02,0.96,0.94,85.71,100,100,0.0205,0.0184,0.0021,0,-772579814,0.01,0,1.011,0,false,false,false,false,false,false,false,false,true,true,false,0.08,0.13,0.17,true,,,,,,,,,,,0,77.78,0,0,7.75,1,0.0278,0.0816
2022-11-27T00:00:00Z,1.05,1.05,1.05,1.05,105000,-0.05,-4.55,1.03,0.97,0.93,1.05,1.03,1.02,0.97,0.94,63.16,50,83.33,0.0208,0.0189,0.0019,0,-772684814,0.0136,0,1.0172,0,false,false,false,false,false,false,false,false,true,false,false,0.02,0.08,0.12,true,,,,,,,,,,,66.67,60.87,0,0,11.94,1.002,0.028,0.0787
2022-12-15T00:00:00Z,1.08,1.08,1.08,1.08,5400000,0.03,2.86,1.03,0.98,0.93,1.06,1.04,1.03,0.97,0.94,65,77.78,75.93,0.0231,0.0198,0.0033,0,-767284814,0.0143,0,1.023,0,false,false,false,false,false,false,false,false,false,true,false,0.05,0.1,0.15,true,,,,,,,,,,,72.22,65.38,0,0,12.56,1.004,0.0307,0.0761
2023-01-31T00:00:00Z,1,1,1,1,100000,-0.08,-7.41,1.03,0.98,0.93,1.04,1.03,1.02,0.97,0.94,46.43,0,42.59,0.0184,0.0195,-0.0011,0,-767384814,0.02,0,1.1,0,false,false,false,true,false,false,false,false,false,false,false,-0.03,0.02,0.07,true,,,,,,,,,,,48,50,0,0,12.55,1.1,0.0307,0.0716
2023-02-02T00:00:00Z,0.9,0.9,0.9,0.9,1890000,-0.1,-10,1.02,0.99,0.93,0.99,1.01,1.01,0.97,0.94,34.21,0,25.93,0.0065,0.0169,-0.0104,0,-769274814,0.0271,0,1.099,0,false,false,false,false,false,true,false,false,false,true,false,-0.12,-0.09,-0.03,true,,,,,,,,,,,32.35,38.64,0,0,11.82,1.098,0.0506,0.0678
2023-02-05T00:00:00Z,0.8,0.8,0.78,0.78,2380000,-0.12,-13.33,1,0.99,0.92,0.92,0.97,0.99,0.96,0.94,27.08,0,0,-0.0125,0.011,-0.0235,0,-771654814,0.0343,0,1.095,0,false,false,false,false,false,false,false,false,false,false,false,-0.22,-0.21,-0.14,true,,,,,,,,,,,23.91,30.36,-0.0002,0,0.76,1.0901,0.0888,0.0689
2023-02-06T00:00:00Z,0.7,0.7,0.7,0.7,1050000,-0.08,-10.26,0.97,0.98,0.92,0.85,0.92,0.96,0.95,0.94,23.21,0,0,-0.0337,0.0021,-0.0358,0,-772704814,0.04,0,1.0856,0,false,false,false,false,false,false,false,false,false,false,false,-0.27,-0.28,-0.22,true,,,,,,,,,,,20.37,26.56,-0.0002,0,0.63,1.0715,0.1256,0.0754
2023-02-07T00:00:00Z,0.65,0.65,0.65,0.65,650000,-0.05,-7.14,0.93,0.98,0.92,0.78,0.87,0.93,0.94,0.94,21.31,0,0,-0.0538,-0.0091,-0.0447,0,-773354814,0.0436,0,1.0702,0,false,false,false,false,false,false,false,false,false,false,false,-0.28,-0.33,-0.27,true,,,,,,,,,,,18.64,24.64,-0.0002,0,0.54,1.0418,0.1554,0.085
2023-02-08T00:00:00Z,0.6,0.6,0.6,0.6,300000,-0.05,-7.69,0.89,0.98,0.92,0.72,0.82,0.9,0.93,0.93,18.46,0,0,-0.073,-0.0219,-0.0511,0,-773654814,0.0464,0,1.0492,0,false,false,false,false,false,false,false,false,false,false,false,-0.29,-0.38,-0.32,true,,,,,,,,,,,17.19,22.97,-0.0002,0,0.5,1.0026,0.1802,0.0972
2023-02-09T00:00:00Z,0.55,0.55,0.55,0.55,1100000,-0.05,-8.33,0.84,0.97,0.91,0.66,0.77,0.87,0.91,0.93,15.94,0,0,-0.0911,-0.0357,-0.0554,0,-774754814,0.0493,0,1.0222,0,false,false,false,false,false,false,false,false,false,false,false,-0.29,-0.42,-0.36,true,,,,,,,,,,,4.92,19.48,-0.0002,0,0.36,0.9543,0.1999,0.1126
2023-02-12T00:00:00Z,0.5,0.5,0.5,0.5,1550000,-0.05,-9.09,0.78,0.96,0.91,0.61,0.72,0.83,0.9,0.93,14.86,0,0,-0.1083,-0.0502,-0.0581,0,-776304814,0.0529,0,0.9891,0,false,false,false,false,false,false,false,false,false,false,false,-0.28,-0.46,-0.41,true,,,,,,,,,,,4.92,18.29,-0.0002,0,-0.48,0.8977,0.2031,0.1302
2023-05-08T00:00:00Z,0.5,0.5,0.5,0.5,138434,0,0,0.73,0.95,0.91,0.57,0.68,0.8,0.88,0.92,14.86,0,0,-0.1206,-0.0643,-0.0563,0,-776304814,0.0529,0,0.95,0,false,false,false,false,false,false,false,false,false,false,false,-0.23,-0.45,-0.41,true,,,,,,,,,,,0,18.75,-0.0002,0,-0.47,0.8341,0.1972,0.1454
2023-07-23T00:00:00Z,0.5,0.5,0.5,0.5,24000,0,0,0.67,0.94,0.91,0.55,0.65,0.77,0.87,0.92,14.86,0,0,-0.1288,-0.0772,-0.0516,0,-776304814,0.0529,0,0.914,0,false,false,false,false,false,false,false,false,false,false,false,-0.17,-0.44,-0.41,true,,,,,,,,,,,0,18.75,-0.0002,0,-1.18,0.7806,0.1677,0.1585
2023-07-31T00:00:00Z,0.5,0.5,0.5,0.5,50000,0,0,0.62,0.93,0.9,0.53,0.62,0.75,0.85,0.91,14.86,0,0,-0.1337,-0.0885,-0.0452,0,-776304814,0.0529,0,0.8809,0,false,false,false,false,false,false,false,false,false,false,false,-0.12,-0.43,-0.4,true,,,,,,,,,,,0,16.67,-0.0002,0,-1.16,0.7357,0.132,0.17
2023-12-06T00:00:00Z,0.5,0.5,0.5,0.5,74000,0,0,0.58,0.92,0.9,0.52,0.6,0.72,0.84,0.91,4.55,0,0,-0.1361,-0.098,-0.0381,0,-776304814,0.0471,0,0.8504,0,false,false,false,false,false,false,false,false,false,false,false,-0.08,-0.42,-0.4,true,,,,,,,,,,,0,16.67,-0.0002,0,-0.91,0.698,0.0962,0.1802
2023-12-07T00:00:00Z,0.5,0.5,0.5,0.5,3535396352,0,0,0.55,0.91,0.9,0.51,0.58,0.7,0.82,0.9,4.92,0,0,-0.1364,-0.1057,-0.0307,0,-776304814,0.0436,0,0.8224,0,false,false,false,false,false,false,false,false,false,false,false,-0.05,-0.41,-0.4,true,,,,,,,,,,,0,16.67,-0.0001,0,-0.6,0.6663,0.0707,0.1887
2023-12-12T00:00:00Z,0.5,0.5,0.5,0.5,8989603840,0,0,0.53,0.9,0.89,0.51,0.57,0.68,0.81,0.9,0,0,0,-0.1351,-0.1116,-0.0235,0,-776304814,0.0414,0,0.7966,0,false,false,false,false,false,false,false,false,false,false,false,-0.03,-0.4,-0.39,true,,,,,,,,,,,0,17.11,-0.0001,0,-0.47,0.6397,0.051,0.1963
2024-02-21T00:00:00Z,0.5,0.5,0.5,0.5,25000,0,0,0.52,0.89,0.89,0.51,0.55,0.66,0.8,0.9,0,0,0,-0.1325,-0.1158,-0.0167,0,-776304814,0.0357,0,0.7729,0,false,false,false,false,false,false,false,false,false,false,false,-0.02,-0.39,-0.39,false,,,,,,,,,,,0,17.11,-0.0001,0,-0.38,0.6173,0.032,0.2036
2024-02-29T00:00:00Z,0.5,0.5,0.5,0.5,6693058048,0,0,0.51,0.88,0.89,0.5,0.54,0.65,0.79,0.89,0,0,0,-0.129,-0.1184,-0.0106,0,-776304814,0.0286,0,0.7511,0,false,true,false,false,false,false,false,false,false,false,false,-0.01,-0.38,-0.39,false,,,,,,,,,,,0,17.11,-0.0001,0,-0.34,0.5985,0.015,0.2106
2024-03-04T00:00:00Z,0.5,0.5,0.5,0.5,1500000000,0,0,0.5,0.87,0.89,0.5,0.54,0.63,0.78,0.89,0,0,0,-0.1247,-0.1197,-0.005,0,-776304814,0.02,0,0.731,0,false,false,false,false,false,false,false,false,false,false,false,0,-0.37,-0.39,false,,,,,,,,,,,0,16,-0.0001,0,-0.2,0.5827,0,0.2162
2024-03-06T00:00:00Z,0.5,0.5,0.5,0.5,3987941888,0,0,0.5,0.86,0.88,0.5,0.53,0.62,0.77,0.89,0,0,0,-0.12,-0.1197,-0.0003,0,-776304814,0.0143,0,0.7125,0,false,false,false,false,false,false,false,false,false,false,false,0,-0.36,-0.38,false,,,,,,,,,,,0,14.86,-0.0001,0,0,0.5695,0,0.2218
2024-03-27T00:00:00Z,0.5,0.5,0.5,0.5,2500,0,0,0.5,0.85,0.88,0.5,0.52,0.61,0.76,0.88,0,0,0,-0.1149,-0.1188,0.0039,0,-776304814,0.0107,0,0.6955,0,false,false,false,false,false,false,false,false,false,false,false,0,-0.35,-0.38,false,,,,,,,,,,,0,14.86,-0.0001,0,0,0.5584,0,0.2266
2024-03-31T00:00:00Z,0.5,0.5,0.5,0.5,74000,0,0,0.5,0.84,0.88,0.5,0.52,0.6,0.75,0.88,0,0,0,-0.1096,-0.1169,0.0073,0,-776304814,0.0071,0,0.6799,0,false,false,false,false,false,false,false,false,false,false,false,0,-0.34,-0.38,false,,,,,,,,,,,0,14.86,-0.0001,0,0,0.5491,0,0.2308
2024-04-17T00:00:00Z,0.57,0.57,0.57,0.57,1140000,0.07,14,0.51,0.83,0.88,0.52,0.53,0.6,0.74,0.87,58.33,100,33.33,-0.0987,-0.1133,0.0146,0,-775164814,0.0086,0,0.6655,0,false,false,true,false,false,false,false,false,true,false,false,0.06,-0.26,-0.31,false,,,,,,,,,,,0,22.22,-0.0001,0,0.15,0.5,0.021,0.2328
2024-04-21T00:00:00Z,0.6,0.6,0.6,0.6,1200000,0.03,5.26,0.52,0.83,0.87,0.55,0.54,0.6,0.73,0.87,0,100,66.67,-0.0865,-0.1079,0.0214,0,-773964814,0.0071,0,0.6523,0,false,false,false,false,false,false,false,false,true,false,false,0.08,-0.23,-0.27,false,,,,,,,,,,,0,25,-0.0001,0,0.3,0.5014,0.0347,0.2338
2024-04-22T00:00:00Z,0.6,0.6,0.6,0.6,4800000,0,0,0.53,0.82,0.87,0.57,0.55,0.6,0.73,0.87,0,100,100,-0.0761,-0.1016,0.0255,0,-773964814,0.0071,0,0.6401,0,false,false,false,false,false,false,false,false,true,false,false,0.07,-0.22,-0.27,false,,,,,,,,,,,0,17.11,0,0,0.3,0.5053,0.042,0.2346
2024-04-23T00:00:00Z,0.6,0.6,0.6,0.6,1800000,0,0,0.54,0.81,0.87,0.58,0.56,0.6,0.72,0.87,0,100,100,-0.067,-0.0947,0.0277,0,-773964814,0.0071,0,0.6289,0,false,false,false,false,false,false,false,false,true,false,false,0.06,-0.21,-0.27,false,,,,,,,,,,,0,18.31,0,0,0.3,0.5091,0.0461,0.2351
2024-04-24T00:00:00Z,0.61,0.61,0.61,0.61,6100,0.01,1.67,0.55,0.8,0.87,0.59,0.57,0.6,0.72,0.86,0,100,100,-0.0583,-0.0874,0.0291,0,-773958714,0.0079,0,0.6186,0,false,false,false,false,false,false,false,false,true,false,false,0.06,-0.19,-0.26,false,,,,,,,,,,,0,15.94,0,0,0.3,0.5127,0.0489,0.2351
2024-04-28T00:00:00Z,0.62,0.62,0.62,0.62,620000,0.01,1.64,0.56,0.79,0.86,0.6,0.58,0.6,0.71,0.86,0,100,100,-0.0501,-0.0799,0.0298,0,-773338714,0.0086,0,0.5,0,false,false,false,false,false,false,false,false,true,false,false,0.06,-0.17,-0.24,false,,,,,,,,,,,0,19.35,0,0,0.38,0.5185,0.0504,0.2347
2024-05-13T00:00:00Z,0.62,0.62,0.62,0.62,211689,0,0,0.57,0.79,0.86,0.61,0.59,0.6,0.71,0.86,0,100,100,-0.043,-0.0725,0.0295,0,-773338714,0.0086,0,0.5012,0,false,false,false,false,false,false,false,false,true,false,false,0.05,-0.17,-0.24,false,,,,,,,,,,,0,23.08,0,0,0.38,0.5266,0.0489,0.2341
2024-07-28T00:00:00Z,0.57,0.57,0.57,0.57,1140000,-0.05,-8.06,0.58,0.78,0.86,0.59,0.58,0.6,0.71,0.86,70.59,58.33,86.11,-0.041,-0.0662,0.0252,0,-774478714,0.0121,0,0.5024,0,false,false,false,true,false,false,false,false,true,false,false,-0.01,-0.21,-0.29,false,,,,,,,,,,,70.59,26.67,0,0,0.24,0.5341,0.0428,0.234
2024-08-20T00:00:00Z,0.57,0.57,0.57,0.57,1140000,0,0,0.59,0.77,0.86,0.59,0.58,0.6,0.7,0.85,70.59,0,52.78,-0.039,-0.0608,0.0218,0,-774478714,0.0121,0,0.5036,0,false,false,false,false,false,false,false,false,true,false,false,-0.02,-0.2,-0.29,false,,,,,,,,,,,70.59,32.43,0,0,0.24,0.541,0.0341,0.2336
2024-09-29T00:00:00Z,0.57,0.57,0.57,0.57,1140000,0,0,0.59,0.76,0.85,0.58,0.58,0.59,0.69,0.85,70.59,0,19.44,-0.0369,-0.056,0.0191,0,-774478714,0.0121,0,0.5048,0,false,false,false,false,false,false,false,false,false,false,false,-0.02,-0.19,-0.28,false,,,,,,,,,,,50,37.5,0,0,0.24,0.5473,0.02,0.2328
2024-10-13T00:00:00Z,0.57,0.57,0.57,0.57,1140000,0,0,0.59,0.75,0.85,0.58,0.58,0.59,0.69,0.85,70.59,0,0,-0.0349,-0.0518,0.0169,0,-774478714,0.0121,0,0.506,0,false,false,false,false,false,false,false,false,false,false,false,-0.02,-0.18,-0.28,false,,,,,,,,,,,28.57,44.44,0,0,0.09,0.5531,0.02,0.2318
2025-01-28T00:00:00Z,0.57,0.57,0.57,0.57,5984053,0,0,0.59,0.74,0.85,0.57,0.58,0.59,0.69,0.84,70.59,0,0,-0.0329,-0.048,0.0151,0,-774478714,0.0121,0,0.5071,0,false,false,false,false,false,false,false,false,false,false,false,-0.02,-0.17,-0.28,false,,,,,,,,,,,28.57,54.55,0,0,-0.07,0.5585,0.021,0.23
2025-03-12T00:00:00Z,0.57,0.57,0.57,0.57,144190080,0,0,0.59,0.73,0.85,0.57,0.57,0.59,0.68,0.84,70.59,0,0,-0.031,-0.0446,0.0136,0,-774478714,0.0121,0,0.5082,0,false,false,false,false,false,false,false,false,false,false,false,-0.02,-0.16,-0.28,false,,,,,,,,,,,28.57,70.59,0,0,-0.07,0.5634,0.0215,0.2278
2025-03-17T00:00:00Z,0.57,0.57,0.57,0.57,171000000,0,0,0.58,0.73,0.85,0.57,0.57,0.59,0.68,0.84,70.59,0,0,-0.0291,-0.0415,0.0124,0,-774478714,0.0121,0,0.5093,0,false,false,false,false,false,false,false,false,false,false,false,-0.01,-0.16,-0.28,false,,,,,,,,,,,16.67,70.59,0,0,-0.07,0.5679,0.0215,0.2257
2025-03-18T00:00:00Z,0.6,0.6,0.57,0.57,254810512,0,0,0.58,0.72,0.84,0.57,0.57,0.58,0.67,0.84,50,0,0,-0.0273,-0.0387,0.0114,0,-774478714,0.0093,0,0.5104,0,false,false,false,false,false,false,false,false,false,false,false,-0.01,-0.15,-0.27,false,,,,,,,,,,,0,70.59,-0.02,0,-0.07,0.62,0.02,0.2232
2025-05-26T00:00:00Z,0.55,0.55,0.55,0.55,275000,-0.02,-3.51,0.57,0.71,0.84,0.56,0.57,0.58,0.67,0.83,22.22,0,0,-0.0272,-0.0364,0.0092,0,-774753714,0.0086,0,0.5115,0,false,false,false,false,false,false,false,false,false,false,false,-0.02,-0.16,-0.29,false,,,,,,,,,,,0,63.16,-0.0419,0,-0.18,0.619,0.0168,0.2202
