Date,Close,Open,High,Low,Change,Change%,T.Shares,Volume,SMA10,SMA50,SMA200,RSI_14,CMF_20,MACD_12_26_9,MACDs_12_26_9,MACDh_12_26_9,OBV_SMA_Diff,EMA5,EMA10,EMA20,EMA50,PSARl_0.02_0.2,PSARl_0.01_0.1,OBV_RoC,ATR,Rolling_Std_10,Rolling_Std_50,RSI Strategy,RSI Strategy2,RSI14_OBV_RoC Strategy,RSIMACD Strategy,RSICMF Strategy,RSI OBV Strategy,OBV Strategy,MACD Strategy,CMF Strategy,EMA5 PSAR Strategy,EMA5 PSAR Strategy2,Rolling Std10 Strategy,Rolling Std50 Strategy,RSI Strategy Alt,RSI Strategy2 Alt,RSI14_OBV_RoC Strategy Alt,RSIMACD Strategy Alt,RSICMF Strategy Alt,RSI OBV Strategy Alt,OBV Strategy Alt,MACD Strategy Alt,CMF Strategy Alt,EMA5 PSAR Strategy Alt,EMA5 PSAR Strategy2 Alt,Rolling Std10 Strategy Alt,Rolling Std50 Strategy Alt
2023-06-06,1.5,1.5,1.5,1.5,0.0,0.0,20000,30000,1.5,1.05,0.79,82.36,0.03,0.13,0.15,-0.02,525000.0,1.4994298214301918,1.4865648625257328,1.4072167043169317,1.168285760572339,1.4860939580705084,1.3904841321318158,0.0,,0.0,0.3816978182932096,Sell,Sell,Hold,Sell,Hold,Hold,Buy,Sell,Buy,Buy,Buy,Hold,Hold,Monitor-Monitor,Monitor-Monitor,Monitor-Monitor,Monitor-Monitor,Monitor-Monitor,Monitor-Monitor,Monitor-Monitor,Monitor-Monitor,Monitor-Monitor,Monitor-Monitor,Monitor-Monitor,Monitor-Monitor,Monitor-Monitor
2023-06-12,1.5,1.5,1.5,1.5,0.0,0.0,10000,15000,1.5,1.07,0.79,82.36,-0.16,0.12,0.14,-0.03,475000.0,1.499619880953461,1.4890076147937814,1.4160532086676998,1.1812941621185216,1.4888751664564066,1.4014357189186342,0.0,,0.0,0.3835241524470189,Sell,Sell,Hold,Sell,Sell,Hold,Buy,Sell,Sell,Buy,Buy,Hold,Hold,Monitor-Monitor,Monitor-Monitor,Monitor-Monitor,Monitor-Monitor,Monitor-Monitor,Monitor-Monitor,Monitor-Monitor,Monitor-Monitor,Monitor-Monitor,Monitor-Monitor,Monitor-Monitor,Monitor-Monitor,Monitor-Monitor
2023-06-13,1.5,1.5,1.5,1.5,0.0,0.0,20000,30000,1.5,1.08,0.8,82.36,0.0,0.11,0.14,-0.03,375000.0,1.4997465873023077,1.4910062302858211,1.424048141175538,1.1937924302707366,1.4911001331651252,1.4112921470267707,0.0,,0.0,0.3846633301356141,Sell,Sell,Hold,Sell,Hold,Hold,Buy,Sell,Hold,Buy,Buy,Hold,Hold,Sell-Monitor,Sell-Monitor,Monitor-Monitor,Sell-Monitor,Monitor-Monitor,Monitor-Monitor,Buy,Sell-Monitor,Monitor-Monitor,Buy,Buy,Monitor-Monitor,Monitor-Monitor
2023-07-05,1.5,1.5,1.5,1.5,0.0,0.0,60000,90000,1.5,1.1,0.8,82.36,0.0,0.1,0.13,-0.03,300000.0,1.4998310582015386,1.4926414611429444,1.4312816515397724,1.2058005702601196,1.4928801065321002,1.4201629323240936,0.0,,0.0,0.3839998405611915,Sell,Sell,Hold,Sell,Hold,Hold,Buy,Sell,Hold,Buy,Buy,Hold,Hold,Sell-Monitor,Sell-Monitor,Monitor-Monitor,Sell-Monitor,Monitor-Monitor,Monitor-Monitor,Buy-Hold,Sell-Monitor,Monitor-Monitor,Buy-Hold,Buy-Hold,Monitor-Monitor,Monitor-Monitor
2023-07-10,1.5,1.5,1.5,1.5,0.0,0.0,944000,1416000,1.5,1.12,0.8,82.36,0.0,0.1,0.12,-0.03,225000.0,1.499887372134359,1.4939793772987726,1.437826256155032,1.2173378027989386,1.49430408522568,1.4281466390916844,0.0,,0.0,0.3825651338434452,Sell,Sell,Hold,Sell,Hold,Hold,Buy,Sell,Hold,Buy,Buy,Hold,Hold,Sell-Monitor,Sell-Monitor,Monitor-Monitor,Sell-Monitor,Monitor-Monitor,Monitor-Monitor,Buy-Hold,Sell-Monitor,Monitor-Monitor,Buy-Hold,Buy-Hold,Monitor-Monitor,Monitor-Monitor
2023-07-11,1.57,1.5,1.57,1.5,0.07,4.67,1940000,2967400,1.51,1.13,0.81,87.23,0.27,0.1,0.12,-0.02,1993000.0,1.5232582480895729,1.5078013086989956,1.450414231759315,1.2311676928852546,1.495443268180544,1.435331975182516,-0.3889186304722014,,0.022135943621062,0.381857757468374,Sell,Sell,Sell,Sell,Hold,Hold,Buy,Sell,Buy,Buy,Buy,Hold,Hold,Sell-Monitor,Sell-Monitor,Sell-Monitor,Sell-Monitor,Monitor-Monitor,Monitor-Monitor,Buy-Hold,Sell-Monitor,Buy,Buy-Hold,Buy-Hold,Monitor-Monitor,Monitor-Monitor
2023-07-12,1.65,1.65,1.65,1.65,0.08,5.1,500000,825000,1.52,1.15,0.81,90.47,0.27,0.1,0.12,-0.01,2321000.0,1.565505498726382,1.533655616208269,1.4694224001631897,1.2475924892426955,1.5,1.4487987776642643,-0.1006281219447124,,0.0500666222813312,0.3821996486505076,Sell,Sell,Sell,Sell,Hold,Hold,Buy,Sell,Buy,Buy,Buy,Hold,Hold,Sell-Monitor,Sell-Monitor,Sell-Monitor,Sell-Monitor,Monitor-Monitor,Monitor-Monitor,Buy-Hold,Sell-Monitor,Buy-Hold,Buy-Hold,Buy-Hold,Monitor-Monitor,Monitor-Monitor
2023-07-13,1.75,1.7,1.75,1.7,0.1,6.06,350000,608750,1.55,1.18,0.82,92.9,0.31,0.11,0.11,-0.0,2481500.0,1.627003665817588,1.5729909587158564,1.4961440763381242,1.2672947445665117,1.53,1.468918899897838,-0.0705106388929954,,0.0868011776673523,0.3842732871065506,Sell,Sell,Sell,Hold,Hold,Hold,Buy,Hold,Buy,Buy,Buy,Hold,Hold,Sell-Monitor,Sell-Monitor,Sell-Monitor,Monitor-Monitor,Monitor-Monitor,Monitor-Monitor,Buy-Hold,Monitor-Monitor,Buy-Hold,Buy-Hold,Buy-Hold,Monitor-Monitor,Monitor-Monitor
2023-07-16,1.9,1.9,1.9,1.9,0.15,8.57,380000,722000,1.59,1.2,0.82,94.97,0.31,0.13,0.12,0.01,2653000.0,1.718002443878392,1.632447148040246,1.5346065452583029,1.292106715367825,1.574,1.4970270099080545,-0.0766084250308996,,0.1391282382072793,0.3899995290421018,Sell,Sell,Sell,Hold,Hold,Hold,Buy,Hold,Buy,Buy,Buy,Hold,Hold,Sell-Monitor,Sell-Monitor,Sell-Monitor,Monitor-Monitor,Monitor-Monitor,Monitor-Monitor,Buy-Hold,Monitor-Monitor,Buy-Hold,Buy-Hold,Buy-Hold,Monitor-Monitor,Monitor-Monitor
2023-07-17,1.9,1.95,1.95,1.9,0.0,0.0,1056000,2014200,1.63,1.23,0.83,94.97,0.17,0.14,0.12,0.02,2494500.0,1.7786682959189282,1.6810931211238376,1.569405921900369,1.3159456677063417,1.6392,1.5373243089172488,0.0,,0.1662026875033256,0.3940276588240568,Sell,Sell,Hold,Hold,Hold,Hold,Buy,Hold,Buy,Buy,Buy,Hold,Hold,Sell-Monitor,Sell-Monitor,Monitor-Monitor,Monitor-Monitor,Monitor-Monitor,Monitor-Monitor,Buy-Hold,Monitor-Monitor,Buy-Hold,Buy-Hold,Buy-Hold,Monitor-Monitor,Monitor-Monitor
2023-07-18,2.0,2.0,2.0,1.9,0.1,5.26,845000,1638000,1.68,1.25,0.83,95.89,0.27,0.16,0.13,0.03,3138750.0,1.852445530612619,1.7390761900104126,1.6104148817193815,1.3427713277962892,1.70136,1.578591878025524,-0.1704835498970047,,0.1962453113381743,0.3993630132179626,Sell,Sell,Sell,Hold,Hold,Hold,Buy,Hold,Buy,Buy,Buy,Hold,Hold,Sell-Monitor,Sell-Monitor,Sell-Monitor,Monitor-Monitor,Monitor-Monitor,Monitor-Monitor,Buy-Hold,Monitor-Monitor,Buy-Hold,Buy-Hold,Buy-Hold,Monitor-Monitor,Monitor-Monitor
2023-07-23,1.99,2.0,2.0,1.99,-0.01,-0.5,2000000,3990000,1.73,1.28,0.84,94.03,0.01,0.17,0.14,0.03,1038000.0,1.8982970204084129,1.7846987009176103,1.6465658453651548,1.3681528443532975,1.761088,1.6207326902229715,0.4042004559890344,,0.2079636720412572,0.4030166350949614,Sell,Sell,Hold,Hold,Hold,Hold,Buy,Hold,Buy,Buy,Buy,Hold,Hold,Sell-Monitor,Sell-Monitor,Monitor-Monitor,Monitor-Monitor,Monitor-Monitor,Monitor-Monitor,Buy-Hold,Monitor-Monitor,Buy-Hold,Buy-Hold,Buy-Hold,Monitor-Monitor,Monitor-Monitor
2023-07-24,1.99,1.99,1.99,1.99,0.0,0.0,1708000,3398920,1.78,1.31,0.84,94.03,0.01,0.18,0.15,0.03,937250.0,1.9288646802722755,1.822026209841681,1.6792738600922827,1.392539007319835,1.8088704,1.6586594212006744,0.0,,0.206518764280621,0.4048310809234298,Sell,Sell,Hold,Hold,Hold,Hold,Buy,Hold,Buy,Buy,Buy,Hold,Hold,Sell-Monitor,Sell-Monitor,Monitor-Monitor,Monitor-Monitor,Monitor-Monitor,Monitor-Monitor,Buy-Hold,Monitor-Monitor,Buy-Hold,Buy-Hold,Buy-Hold,Monitor-Monitor,Monitor-Monitor
2023-07-25,2.0,2.0,2.0,2.0,0.01,0.5,800000,1600000,1.82,1.33,0.85,94.16,0.01,0.18,0.15,0.03,1596500.0,1.9525764535148504,1.854385080779557,1.7098192067501603,1.4163610070327826,1.84709632,1.692793479080607,-0.1610293012257901,,0.1925991807989824,0.4051644161098461,Sell,Sell,Sell,Hold,Hold,Hold,Buy,Hold,Buy,Buy,Buy,Hold,Hold,Sell-Monitor,Sell-Monitor,Sell-Monitor,Monitor-Monitor,Monitor-Monitor,Monitor-Monitor,Buy-Hold,Monitor-Monitor,Buy-Hold,Buy-Hold,Buy-Hold,Monitor-Monitor,Monitor-Monitor
2023-07-26,1.99,1.99,1.99,1.99,-0.01,-0.5,552000,1098480,1.87,1.36,0.86,91.98,0.01,0.18,0.16,0.02,931350.0,1.9650509690099005,1.879042338819637,1.7365030918215738,1.4388566538158107,1.877677056,1.7235141311725464,0.1112894264315045,0.0411522923648387,0.1603607045243635,0.4033379096833758,Sell,Sell,Hold,Hold,Hold,Hold,Buy,Hold,Buy,Buy,Buy,Hold,Hold,Sell-Monitor,Sell-Monitor,Monitor-Monitor,Monitor-Monitor,Monitor-Monitor,Monitor-Monitor,Buy-Hold,Monitor-Monitor,Buy-Hold,Buy-Hold,Buy-Hold,Monitor-Monitor,Monitor-Monitor
2023-08-24,1.2,1.2,1.2,1.2,-0.79,-39.7,908000,1089600,1.84,1.37,0.86,30.96,0.01,0.12,0.15,-0.03,-44400.0,1.7100339793399335,1.755580095397885,1.6854075592671385,1.4294897262151909,2.0,2.0,0.1828595386968556,0.1208708711624069,0.2537737399951102,0.390875573917985,Buy,Buy,Buy,Hold,Buy,Hold,Sell,Sell,Sell,Sell,Sell,Buy,Hold,Buy,Buy,Buy,Monitor-Monitor,Buy,Monitor-Monitor,Sell,Sell-Monitor,Sell,Sell,Sell,Buy,Monitor-Monitor
2023-08-27,1.19,1.19,1.19,1.19,-0.01,-0.83,908000,1080520,1.79,1.38,0.86,30.68,0.01,0.06,0.13,-0.07,-974750.0,1.5366893195599558,1.6527473507800876,1.6382258869559825,1.4200979722459677,2.0,2.0,0.1825257729105134,0.1094675313603796,0.3235377360782841,0.3796810691695257,Buy,Buy,Buy,Hold,Buy,Hold,Sell,Sell,Buy,Sell,Sell,Hold,Hold,Buy-Hold,Buy-Hold,Buy-Hold,Monitor-Monitor,Buy-Hold,Monitor-Monitor,Sell-Monitor,Sell-Monitor,Buy,Sell-Monitor,Sell-Monitor,Hold-Hold,Monitor-Monitor
2023-09-03,1.19,1.19,1.19,1.19,0.0,0.0,2000000,2380000,1.74,1.39,0.86,30.68,0.01,0.02,0.11,-0.09,-997100.0,1.4211262130399709,1.5686114688200716,1.5955377072458887,1.411074522353969,1.19,1.19,0.0,0.0985515508381815,0.3756845603546727,0.3678800270274456,Buy,Buy,Hold,Hold,Buy,Hold,Sell,Sell,Buy,Buy,Buy,Hold,Hold,Buy-Hold,Buy-Hold,Hold-Hold,Monitor-Monitor,Buy-Hold,Monitor-Monitor,Sell-Monitor,Sell-Monitor,Buy-Hold,Buy,Buy,Hold-Hold,Monitor-Monitor
2023-09-12,1.17,1.18,1.18,1.17,-0.02,-1.68,1075000,1260500,1.66,1.4,0.86,30.06,-0.06,-0.01,0.09,-0.1,-2040700.0,1.3374174753599806,1.496136656307331,1.555010306555804,1.4016206195165584,1.19,1.19,0.2157023293728688,0.0909339809857551,0.4094657766190199,0.3556652863555385,Buy,Buy,Buy,Hold,Hold,Hold,Sell,Hold,Sell,Buy,Buy,Hold,Hold,Buy-Hold,Buy-Hold,Buy-Hold,Monitor-Monitor,Hold-Hold,Monitor-Monitor,Sell-Monitor,Monitor-Monitor,Sell,Buy-Hold,Buy-Hold,Hold-Hold,Monitor-Monitor
2023-09-20,1.19,1.19,1.19,1.19,0.02,1.71,5000,5950,1.59,1.41,0.86,31.56,-0.06,-0.04,0.06,-0.1,-2004550.0,1.2882783169066538,1.4404754460696343,1.520247420217156,1.3933217716923796,1.17,1.17,-0.00100110723662,0.0842264836282328,0.4248777601982787,0.3428988069922882,Buy,Buy,Hold,Hold,Hold,Hold,Sell,Hold,Sell,Buy,Buy,Hold,Hold,Buy-Hold,Buy-Hold,Hold-Hold,Monitor-Monitor,Hold-Hold,Monitor-Monitor,Sell-Monitor,Monitor-Monitor,Sell-Monitor,Buy-Hold,Buy-Hold,Hold-Hold,Monitor-Monitor
2023-10-05,1.19,1.19,1.19,1.19,0.0,0.0,20000,23800,1.51,1.42,0.87,31.56,-0.06,-0.06,0.04,-0.1,-1973400.0,1.2555188779377693,1.3949344558751553,1.4887952849583792,1.3853483688809136,1.1712,1.1706,0.0,0.0764421123921204,0.4153445691364052,0.3318676893964008,Buy,Buy,Hold,Hold,Hold,Hold,Sell,Hold,Sell,Buy,Buy,Hold,Hold,Buy-Hold,Buy-Hold,Hold-Hold,Monitor-Monitor,Hold-Hold,Monitor-Monitor,Sell-Monitor,Monitor-Monitor,Sell-Monitor,Buy-Hold,Buy-Hold,Hold-Hold,Monitor-Monitor
2023-10-10,1.17,1.17,1.17,1.17,-0.02,-1.68,600000,702000,1.43,1.43,0.87,30.79,-0.06,-0.08,0.01,-0.09,-2512250.0,1.2270125852918463,1.3540372820796724,1.4584338292480574,1.3769033348071524,1.19,1.19,0.1201340710649256,0.071332885063451,0.3902363955917483,0.317447022737492,Buy,Buy,Buy,Hold,Hold,Hold,Sell,Hold,Sell,Buy,Buy,Hold,Hold,Buy-Hold,Buy-Hold,Buy-Hold,Monitor-Monitor,Hold-Hold,Monitor-Monitor,Sell-Monitor,Monitor-Monitor,Sell-Monitor,Buy-Hold,Buy-Hold,Hold-Hold,Monitor-Monitor
2023-10-11,1.15,1.15,1.15,1.15,-0.02,-1.71,633000,727950,1.34,1.44,0.87,30.01,-0.06,-0.09,-0.01,-0.08,-3052450.0,1.2013417235278976,1.3169395944288227,1.4290591788434803,1.3680051648147151,1.19,1.19,0.1265893680121532,0.0667732106485904,0.3434207008579606,0.3024150411981139,Buy,Buy,Buy,Hold,Hold,Hold,Sell,Hold,Sell,Buy,Buy,Hold,Hold,Buy-Hold,Buy-Hold,Buy-Hold,Monitor-Monitor,Hold-Hold,Monitor-Monitor,Sell-Monitor,Monitor-Monitor,Sell-Monitor,Buy-Hold,Buy-Hold,Hold-Hold,Monitor-Monitor
2023-10-12,1.15,1.15,1.15,1.15,0.0,0.0,165000,189750,1.26,1.44,0.87,30.01,-0.06,-0.1,-0.02,-0.07,-2959650.0,1.184227815685265,1.286586940896309,1.4024821141917203,1.3594559426651185,1.15,1.15,0.0,0.0609434603631114,0.2574425502256025,0.2888629362143353,Buy,Buy,Hold,Hold,Hold,Hold,Sell,Hold,Sell,Buy,Buy,Hold,Hold,Buy-Hold,Buy-Hold,Hold-Hold,Monitor-Monitor,Hold-Hold,Monitor-Monitor,Sell-Monitor,Monitor-Monitor,Sell-Monitor,Buy-Hold,Buy-Hold,Hold-Hold,Monitor-Monitor
2023-10-29,1.15,1.15,1.15,1.15,0.0,0.0,3000,3450,1.18,1.45,0.87,30.01,-0.06,-0.1,-0.04,-0.06,-2866850.0,1.1728185437901768,1.2617529516424346,1.3784361985544138,1.3512419841292316,1.15,1.15,0.0,0.055705850054505,0.0195789002073318,0.2744050335707773,Buy,Buy,Hold,Hold,Hold,Hold,Sell,Hold,Sell,Buy,Buy,Hold,Hold,Buy-Hold,Buy-Hold,Hold-Hold,Monitor-Monitor,Hold-Hold,Monitor-Monitor,Sell-Monitor,Monitor-Monitor,Sell-Monitor,Buy-Hold,Buy-Hold,Hold-Hold,Monitor-Monitor
2023-10-30,1.13,1.13,1.13,1.13,-0.02,-1.74,492000,555960,1.17,1.46,0.88,29.08,-0.2,-0.11,-0.05,-0.06,-3144450.0,1.158545695860118,1.2377978695256284,1.3547756082158982,1.3425658278888697,1.15,1.15,0.098267340269853,0.0526811132026745,0.0220100986921862,0.2645316230469176,Buy,Buy,Buy,Hold,Sell,Hold,Sell,Hold,Sell,Buy,Buy,Sell,Hold,Buy-Hold,Buy-Hold,Buy-Hold,Monitor-Monitor,Sell,Monitor-Monitor,Sell-Monitor,Monitor-Monitor,Sell-Monitor,Buy-Hold,Buy-Hold,Sell,Monitor-Monitor
2023-10-31,1.12,1.12,1.12,1.12,-0.01,-0.88,1000000,1120000,1.16,1.46,0.88,28.61,-0.19,-0.11,-0.07,-0.05,-3855050.0,1.145697130573412,1.216380075066423,1.3324160264810507,1.333837756206953,1.15,1.15,0.1995342893630347,0.0491128839934732,0.0251440295541022,0.2567698882466631,Buy,Buy,Buy,Hold,Hold,Hold,Sell,Hold,Sell,Sell,Sell,Hold,Hold,Buy-Hold,Buy-Hold,Buy-Hold,Monitor-Monitor,Monitor-Monitor,Monitor-Monitor,Sell-Monitor,Monitor-Monitor,Sell-Monitor,Sell,Sell,Monitor-Monitor,Monitor-Monitor
2023-11-05,1.12,1.12,1.12,1.12,0.0,0.0,155000,173600,1.15,1.46,0.88,28.61,-0.21,-0.12,-0.08,-0.04,-3548150.0,1.1371314203822749,1.198856425054346,1.3121859287209507,1.325451961845896,1.12,1.12,0.0,0.0450563279232983,0.0259058123035441,0.2556125895146152,Buy,Buy,Hold,Hold,Hold,Hold,Sell,Hold,Sell,Buy,Buy,Hold,Hold,Buy-Hold,Buy-Hold,Hold-Hold,Monitor-Monitor,Monitor-Monitor,Monitor-Monitor,Sell-Monitor,Monitor-Monitor,Sell-Monitor,Buy,Buy,Monitor-Monitor,Monitor-Monitor
2023-11-08,1.09,1.1,1.1,1.09,-0.03,-2.68,1900000,2081000,1.15,1.46,0.88,27.07,-0.31,-0.12,-0.08,-0.03,-5027250.0,1.1214209469215166,1.1790643477717375,1.2910253640808602,1.3162185515774294,1.12,1.12,0.3783601914704837,0.0438264619345111,0.0320416395751219,0.2608917986680392,Buy,Buy,Buy,Hold,Hold,Hold,Sell,Hold,Sell,Buy,Buy,Hold,Hold,Buy-Hold,Buy-Hold,Buy-Hold,Monitor-Monitor,Monitor-Monitor,Monitor-Monitor,Sell-Monitor,Monitor-Monitor,Sell-Monitor,Buy-Hold,Buy-Hold,Monitor-Monitor,Monitor-Monitor
2023-11-09,1.07,1.07,1.07,1.07,-0.02,-1.83,1000000,1070000,1.13,1.45,0.88,26.06,-0.25,-0.12,-0.09,-0.03,-5556350.0,1.1042806312810112,1.1592344663586944,1.2699753294064926,1.3065629221038049,1.09,1.09,0.1983863279887643,0.0418999710818491,0.0359629438912986,0.2658203321410754,Buy,Buy,Buy,Hold,Hold,Hold,Sell,Hold,Sell,Buy,Buy,Hold,Hold,Buy-Hold,Buy-Hold,Buy-Hold,Monitor-Monitor,Monitor-Monitor,Monitor-Monitor,Sell-Monitor,Monitor-Monitor,Sell-Monitor,Buy-Hold,Buy-Hold,Monitor-Monitor,Monitor-Monitor
2023-11-12,1.05,1.05,1.05,1.05,-0.02,-1.87,50000,52500,1.12,1.45,0.88,25.06,-0.31,-0.12,-0.1,-0.02,-5090700.0,1.086187087520674,1.1393736542934771,1.2490252980344458,1.2965016310409108,1.09,1.09,0.0098996767941672,0.040145782729406,0.0388730126322425,0.2711563296366888,Buy,Buy,Buy,Hold,Hold,Hold,Sell,Hold,Sell,Sell,Sell,Hold,Hold,Buy-Hold,Buy-Hold,Buy-Hold,Monitor-Monitor,Monitor-Monitor,Monitor-Monitor,Sell-Monitor,Monitor-Monitor,Sell-Monitor,Sell,Sell,Monitor-Monitor,Monitor-Monitor
2023-11-19,1.1,1.05,1.1,1.05,0.05,4.76,13165000,14278250,1.11,1.44,0.88,32.1,0.38,-0.12,-0.1,-0.02,7831700.0,1.0907913916804497,1.1322148080582994,1.2348324125073558,1.288795684725581,1.05,1.05,-2.6063268819658814,0.0409283200929613,0.034976182372133,0.2755107316699404,Buy,Buy,Hold,Hold,Buy,Buy,Buy,Hold,Buy,Buy,Buy,Hold,Hold,Buy-Hold,Buy-Hold,Hold-Hold,Monitor-Monitor,Buy,Buy,Buy,Monitor-Monitor,Buy,Buy,Buy,Monitor-Monitor,Monitor-Monitor
2023-11-20,1.3,1.3,1.3,1.3,0.2,18.18,25000,32500,1.13,1.44,0.89,51.66,0.4,-0.1,-0.1,0.0,7612850.0,1.160527594453633,1.162721206593154,1.241038849411417,1.2892350696383037,1.05,1.05,-0.0050817966600225,0.0534603861501361,0.0686051504383018,0.2759396562249631,Sell,Sell,Sell,Hold,Sell,Sell,Buy,Hold,Buy,Buy,Buy,Hold,Hold,Sell,Sell,Sell,Monitor-Monitor,Sell,Sell,Buy-Hold,Monitor-Monitor,Buy-Hold,Buy-Hold,Buy-Hold,Monitor-Monitor,Monitor-Monitor
2023-11-22,1.56,1.56,1.56,1.56,0.26,20.0,3000,4680,1.17,1.44,0.89,65.55,0.41,-0.06,-0.09,0.03,7411850.0,1.2936850629690888,1.2349537144853078,1.271416101848425,1.2998533022015073,1.05,1.05,-0.0006098465903714,0.06961330756533,0.1533659385623366,0.2763889598787494,Sell,Sell,Sell,Hold,Hold,Hold,Buy,Buy,Buy,Buy,Buy,Hold,Hold,Sell-Monitor,Sell-Monitor,Sell-Monitor,Monitor-Monitor,Monitor-Monitor,Monitor-Monitor,Buy-Hold,Buy,Buy-Hold,Buy-Hold,Buy-Hold,Monitor-Monitor,Monitor-Monitor
2023-11-27,1.87,1.33,1.87,1.33,0.31,19.87,10934358,17548688,1.24,1.45,0.9,74.84,0.6,-0.0,-0.08,0.07,17567890.100000024,1.4857900419793926,1.3504166754879792,1.3284240921485748,1.3222119962328207,1.05,1.05,-2.2227738702251587,0.1061533192572437,0.2689258468632317,0.2827940044972517,Sell,Sell,Sell,Hold,Hold,Hold,Buy,Sell,Buy,Buy,Buy,Hold,Hold,Sell-Monitor,Sell-Monitor,Sell-Monitor,Monitor-Monitor,Monitor-Monitor,Monitor-Monitor,Buy-Hold,Sell,Buy-Hold,Buy-Hold,Buy-Hold,Monitor-Monitor,Monitor-Monitor
2023-11-29,2.24,2.0,2.24,2.0,0.37,19.79,800000,1735448,1.35,1.47,0.91,81.31,0.63,0.07,-0.05,0.11,17504172.199999988,1.7371933613195951,1.5121590981265285,1.415240845277282,1.3582036826550632,1.05,1.05,-0.1663237500610148,0.1265217906621025,0.4100623258860856,0.3037553392492859,Sell,Sell,Sell,Hold,Hold,Hold,Buy,Hold,Buy,Buy,Buy,Hold,Hold,Sell-Monitor,Sell-Monitor,Sell-Monitor,Monitor-Monitor,Monitor-Monitor,Monitor-Monitor,Buy-Hold,Monitor-Monitor,Buy-Hold,Buy-Hold,Buy-Hold,Monitor-Monitor,Monitor-Monitor
2023-11-30,2.68,2.5,2.68,2.5,0.44,19.64,3141349,8400815,1.51,1.49,0.92,85.94,0.67,0.16,-0.01,0.16,19579335.850000024,2.0514622408797303,1.7244938075580685,1.5356940981080172,1.4100388323548647,1.05,1.05,-0.6541892545136041,0.1505829013772399,0.5753993782099868,0.3486133464256959,Sell,Sell,Sell,Hold,Hold,Hold,Buy,Hold,Buy,Buy,Buy,Hold,Hold,Sell-Monitor,Sell-Monitor,Sell-Monitor,Monitor-Monitor,Monitor-Monitor,Monitor-Monitor,Buy-Hold,Monitor-Monitor,Buy-Hold,Buy-Hold,Buy-Hold,Monitor-Monitor,Monitor-Monitor
2023-12-03,3.21,3.21,3.21,3.21,0.53,19.78,1586349,5092180,1.72,1.53,0.93,89.36,0.68,0.27,0.05,0.22,20020182.05000001,2.43764149391982,1.9945858425475105,1.695151803050111,1.4806255448115369,1.05,1.05,-0.3325342618827998,0.1795508664463637,0.7666094181524218,0.4246100732268537,Sell,Sell,Sell,Hold,Hold,Hold,Buy,Hold,Buy,Buy,Buy,Hold,Hold,Sell-Monitor,Sell-Monitor,Sell-Monitor,Monitor-Monitor,Monitor-Monitor,Monitor-Monitor,Buy-Hold,Monitor-Monitor,Buy-Hold,Buy-Hold,Buy-Hold,Monitor-Monitor,Monitor-Monitor
2023-12-04,3.85,3.3,3.85,3.3,0.64,19.94,1000000,3702600,1.99,1.58,0.95,91.92,0.74,0.41,0.12,0.29,19770929.25,2.9084276626132133,2.331933871175236,1.9003754408548623,1.573542190113045,1.05,1.05,-0.2103217776393329,0.2145333989719285,0.982288145097962,0.5363731567344752,Sell,Sell,Sell,Hold,Hold,Hold,Buy,Hold,Buy,Buy,Buy,Hold,Hold,Sell-Monitor,Sell-Monitor,Sell-Monitor,Monitor-Monitor,Monitor-Monitor,Monitor-Monitor,Buy-Hold,Monitor-Monitor,Buy-Hold,Buy-Hold,Buy-Hold,Monitor-Monitor,Monitor-Monitor
2023-12-05,4.45,4.0,4.45,4.0,0.6,15.58,575862,2397514,2.33,1.64,0.97,93.5,0.74,0.56,0.21,0.35,19068995.350000024,3.422285108408809,2.717036803688829,2.1431968274401134,1.6863444571674355,1.05,1.05,-0.12137159040142,0.2436866110366934,1.1891402122729002,0.6726087196847198,Sell,Sell,Sell,Hold,Hold,Hold,Buy,Hold,Buy,Buy,Buy,Hold,Hold,Sell-Monitor,Sell-Monitor,Sell-Monitor,Monitor-Monitor,Monitor-Monitor,Monitor-Monitor,Buy-Hold,Monitor-Monitor,Buy-Hold,Buy-Hold,Buy-Hold,Monitor-Monitor,Monitor-Monitor
2023-12-06,4.98,4.44,5.0,4.44,0.53,11.91,1477816,7011134,2.72,1.71,0.99,94.52,0.75,0.71,0.31,0.4,19195124.649999976,3.941523405605873,3.128484657563587,2.4133685581601028,1.8155074196314576,1.05,1.05,-0.3118504794388577,0.2675095851726224,1.3563939119755877,0.8217102374229702,Sell,Sell,Sell,Hold,Hold,Hold,Buy,Hold,Buy,Buy,Buy,Hold,Hold,Sell-Monitor,Sell-Monitor,Sell-Monitor,Monitor-Monitor,Monitor-Monitor,Monitor-Monitor,Buy-Hold,Monitor-Monitor,Buy-Hold,Buy-Hold,Buy-Hold,Monitor-Monitor,Monitor-Monitor
2023-12-07,5.0,5.0,5.0,5.0,0.02,0.4,150,750,3.11,1.78,1.01,94.55,0.76,0.82,0.41,0.41,17813580.449999988,4.294348937070582,3.4687601743702072,2.6597144097639025,1.9403894816066949,1.05,1.05,-3.1752196716361425e-05,0.2489406895919987,1.3976186095561876,0.94379583143208,Sell,Sell,Sell,Hold,Hold,Hold,Buy,Hold,Buy,Buy,Buy,Hold,Hold,Sell-Monitor,Sell-Monitor,Sell-Monitor,Monitor-Monitor,Monitor-Monitor,Monitor-Monitor,Buy-Hold,Monitor-Monitor,Buy-Hold,Buy-Hold,Buy-Hold,Monitor-Monitor,Monitor-Monitor
2023-12-12,5.0,5.0,5.0,5.0,0.0,0.0,3776,18880,3.48,1.85,1.04,94.55,0.78,0.9,0.51,0.39,16400236.25,4.529565958047055,3.7471674153938057,2.88259875169115,2.060374207818197,1.05,1.05,0.0,0.2303313172119,1.3530804361406823,1.0470403185032695,Sell,Sell,Hold,Hold,Hold,Hold,Buy,Hold,Buy,Buy,Buy,Hold,Hold,Sell-Monitor,Sell-Monitor,Monitor-Monitor,Monitor-Monitor,Monitor-Monitor,Monitor-Monitor,Buy-Hold,Monitor-Monitor,Buy-Hold,Buy-Hold,Buy-Hold,Monitor-Monitor,Monitor-Monitor
2023-12-13,5.9,4.9,6.0,4.4,0.9,18.0,8064200,42421236,3.92,1.93,1.06,95.9,0.8,1.03,0.61,0.41,22647882.05000001,4.986377305364703,4.138591521685841,3.169970299149136,2.2109477682959144,5.0,5.0,-1.707040973534513,0.3323804786094676,1.3633765274331031,1.192190729159507,Sell,Sell,Sell,Hold,Hold,Hold,Buy,Hold,Buy,Sell,Sell,Hold,Hold,Sell-Monitor,Sell-Monitor,Sell-Monitor,Monitor-Monitor,Monitor-Monitor,Monitor-Monitor,Buy-Hold,Monitor-Monitor,Buy-Hold,Sell,Sell,Monitor-Monitor,Monitor-Monitor
2023-12-14,5.5,5.9,5.9,5.5,-0.4,-6.78,575000,3222500,4.28,2.01,1.09,85.72,0.77,1.08,0.71,0.37,20285077.850000024,5.157584870243136,4.386120335924779,3.391877889706361,2.3399302087548985,5.0,5.0,0.1238306323431803,0.3374031105125162,1.2346789956187854,1.292450749071511,Sell,Sell,Hold,Hold,Hold,Hold,Sell,Hold,Sell,Buy,Buy,Hold,Hold,Sell-Monitor,Sell-Monitor,Monitor-Monitor,Monitor-Monitor,Monitor-Monitor,Monitor-Monitor,Sell,Monitor-Monitor,Sell,Buy,Buy,Monitor-Monitor,Monitor-Monitor
2023-12-17,5.8,5.8,5.8,5.8,0.3,5.45,500000,2900000,4.64,2.1,1.11,86.85,0.77,1.13,0.79,0.34,18947673.649999976,5.371723246828758,4.643189365756637,3.621222852591469,2.475619220176275,5.0,5.0,-0.1075456362917171,0.3346327817100587,1.0849582685266903,1.3964174131815794,Sell,Sell,Sell,Hold,Hold,Hold,Buy,Hold,Buy,Buy,Buy,Hold,Hold,Sell-Monitor,Sell-Monitor,Sell-Monitor,Monitor-Monitor,Monitor-Monitor,Monitor-Monitor,Buy,Monitor-Monitor,Buy,Buy-Hold,Buy-Hold,Monitor-Monitor,Monitor-Monitor
2023-12-20,5.8,5.8,5.8,5.8,0.0,0.0,3427,19877,4.95,2.19,1.14,86.85,0.79,1.16,0.87,0.3,17060269.449999988,5.514482164552506,4.853518571982702,3.828725438058948,2.6059870938948526,5.0,5.0,0.0,0.3099128185052686,0.8909102710773402,1.4880995824698486,Sell,Sell,Hold,Hold,Hold,Hold,Buy,Hold,Buy,Buy,Buy,Hold,Hold,Sell-Monitor,Sell-Monitor,Monitor-Monitor,Monitor-Monitor,Monitor-Monitor,Monitor-Monitor,Buy-Hold,Monitor-Monitor,Buy-Hold,Buy-Hold,Buy-Hold,Monitor-Monitor,Monitor-Monitor
2023-12-21,6.4,4.9,6.9,4.9,0.6,10.34,22542739,130628872,5.27,2.28,1.17,88.88,0.7,1.22,0.94,0.28,36588467.30000001,5.809654776368338,5.134697013440393,4.073608729672381,2.7547719137421134,5.8,5.8,-4.853966648343411,0.4344584816508462,0.760640081335004,1.5991874084505977,Sell,Sell,Sell,Hold,Hold,Hold,Buy,Hold,Buy,Buy,Buy,Hold,Hold,Sell-Monitor,Sell-Monitor,Sell-Monitor,Monitor-Monitor,Monitor-Monitor,Monitor-Monitor,Buy-Hold,Monitor-Monitor,Buy-Hold,Buy-Hold,Buy-Hold,Monitor-Monitor,Monitor-Monitor
2023-12-22,6.4,4.9,6.9,4.9,0.0,0.0,22542739,130628872,5.52,2.38,1.19,88.88,0.68,1.25,1.0,0.25,33478926.149999976,6.0064365175788925,5.364752101905776,4.2951698030369165,2.8977220347718347,5.8,5.8,0.0,0.5495656232298701,0.6521426224377517,1.6972802854410751,Sell,Sell,Hold,Hold,Hold,Hold,Buy,Hold,Buy,Buy,Buy,Hold,Hold,Sell-Monitor,Sell-Monitor,Monitor-Monitor,Monitor-Monitor,Monitor-Monitor,Monitor-Monitor,Buy-Hold,Monitor-Monitor,Buy-Hold,Buy-Hold,Buy-Hold,Monitor-Monitor,Monitor-Monitor
2023-12-24,5.55,5.5,5.95,5.5,-0.85,-13.28,26977000,150304288,5.63,2.46,1.22,70.86,0.34,1.19,1.04,0.15,4691235.0,5.854291011719262,5.398433537922908,4.414677440842924,3.001732935369018,5.8,5.8,6.105104047350851,0.5752775530498015,0.5329175462593617,1.7501363678646438,Sell,Sell,Hold,Hold,Hold,Hold,Sell,Hold,Sell,Sell,Sell,Hold,Hold,Sell-Monitor,Sell-Monitor,Monitor-Monitor,Monitor-Monitor,Monitor-Monitor,Monitor-Monitor,Sell,Monitor-Monitor,Sell,Sell,Sell,Monitor-Monitor,Monitor-Monitor
2023-12-25,5.73,5.55,5.8,4.8,0.18,3.24,6438878,35010848,5.71,2.55,1.24,72.15,0.37,1.15,1.06,0.09,8994977.949999988,5.812860674479508,5.458718349209652,4.539946256000741,3.108723800648664,5.8,5.8,-1.3733250403888175,0.6063796849733988,0.4810590169384267,1.8040332251793527,Sell,Sell,Sell,Hold,Hold,Hold,Buy,Hold,Buy,Buy,Buy,Hold,Hold,Sell-Monitor,Sell-Monitor,Sell-Monitor,Monitor-Monitor,Monitor-Monitor,Monitor-Monitor,Buy,Monitor-Monitor,Buy,Buy,Buy,Monitor-Monitor,Monitor-Monitor
2023-12-26,5.24,5.2,5.25,5.0,-0.49,-8.55,20025359,103322520,5.73,2.62,1.26,63.87,0.39,1.06,1.06,0.0,-11505998.149999976,5.621907116319672,5.418951376626079,4.606618041143528,3.192303259446756,4.8,4.8,4.330609867199753,0.6154160432776137,0.4465621768329303,1.83693712467248,Hold,Sell,Hold,Hold,Hold,Hold,Sell,Hold,Sell,Sell,Sell,Hold,Hold,Monitor-Monitor,Sell-Monitor,Monitor-Monitor,Monitor-Monitor,Monitor-Monitor,Monitor-Monitor,Sell,Monitor-Monitor,Sell,Sell,Sell,Monitor-Monitor,Monitor-Monitor
2023-12-27,4.8,5.0,5.0,4.8,-0.44,-8.4,2925000,14359500,5.71,2.69,1.28,57.49,0.36,0.95,1.04,-0.09,-14759115.25,5.3479380775464485,5.3064147626940645,4.62503537055843,3.255350190448844,4.8,4.8,0.6062934478694215,0.6026149038722182,0.4857479913608482,1.854974569383964,Hold,Hold,Hold,Hold,Hold,Hold,Sell,Sell,Buy,Buy,Buy,Hold,Hold,Monitor-Monitor,Monitor-Monitor,Monitor-Monitor,Monitor-Monitor,Monitor-Monitor,Monitor-Monitor,Sell-Monitor,Sell-Monitor,Buy,Buy,Buy,Monitor-Monitor,Monitor-Monitor
2023-12-28,5.0,4.9,5.19,4.9,0.2,4.17,4700000,23448904,5.62,2.76,1.31,59.47,0.34,0.86,1.0,-0.14,-10622082.350000024,5.231958718364299,5.25070298765878,4.660746287648103,3.323767830039086,4.8,4.8,-0.9683441059486152,0.5871231155457604,0.5285367642000874,1.8751348359681288,Hold,Hold,Hold,Hold,Hold,Hold,Sell,Sell,Buy,Buy,Buy,Hold,Hold,Monitor-Monitor,Monitor-Monitor,Monitor-Monitor,Monitor-Monitor,Monitor-Monitor,Monitor-Monitor,Sell-Monitor,Sell-Monitor,Buy-Hold,Buy-Hold,Buy-Hold,Monitor-Monitor,Monitor-Monitor
2024-01-03,4.5,4.8,4.8,4.5,-0.5,-10.0,560795,2538243,5.52,2.82,1.33,52.84,0.27,0.74,0.95,-0.21,-11171086.800000012,4.987972478909533,5.114211535357184,4.645437117395903,3.369894581802259,4.8,4.8,0.1166707386670795,0.5807841459156459,0.6375438982707073,1.8820245395177333,Hold,Hold,Hold,Hold,Hold,Hold,Sell,Sell,Sell,Sell,Sell,Hold,Hold,Monitor-Monitor,Monitor-Monitor,Monitor-Monitor,Monitor-Monitor,Monitor-Monitor,Monitor-Monitor,Sell-Monitor,Sell-Monitor,Sell,Sell,Sell,Monitor-Monitor,Monitor-Monitor
2024-01-04,4.85,4.42,5.0,4.0,0.35,7.78,17859919,75677864,5.43,2.88,1.35,56.5,0.32,0.67,0.89,-0.22,5847626.800000012,4.941981652606356,5.0661730743831495,4.664919296691531,3.427937931535504,4.5,4.5,-3.711341349743713,0.6112452516154917,0.6618333123478458,1.8947360916874032,Hold,Hold,Hold,Hold,Hold,Hold,Buy,Sell,Buy,Buy,Buy,Hold,Hold,Monitor-Monitor,Monitor-Monitor,Monitor-Monitor,Monitor-Monitor,Monitor-Monitor,Monitor-Monitor,Buy,Sell-Monitor,Buy,Buy,Buy,Monitor-Monitor,Monitor-Monitor
2024-01-07,4.01,4.01,4.15,4.0,-0.84,-17.32,25654883,103271384,5.25,2.93,1.37,47.07,0.12,0.54,0.82,-0.28,-19208650.0,4.631321101737571,4.874141606313486,4.602546030339957,3.4507638950047,4.5,4.5,5.536640395053305,0.6285723003419673,0.7810648002708934,1.8927574205537336,Hold,Hold,Hold,Hold,Hold,Hold,Sell,Sell,Sell,Sell,Sell,Hold,Hold,Monitor-Monitor,Monitor-Monitor,Monitor-Monitor,Monitor-Monitor,Monitor-Monitor,Monitor-Monitor,Sell,Sell-Monitor,Sell,Sell,Sell,Monitor-Monitor,Monitor-Monitor
2024-01-08,4.01,4.0,4.1,4.0,0.0,0.0,2344000,9431940,5.01,2.98,1.38,47.07,0.11,0.43,0.75,-0.31,-18530726.350000024,4.424214067825048,4.717024950620125,4.546113075069485,3.4726947226515743,4.0,4.0,0.0,0.5902562773158117,0.7546073298227437,1.8909533390891071,Hold,Hold,Hold,Hold,Hold,Hold,Sell,Sell,Buy,Buy,Buy,Hold,Hold,Monitor-Monitor,Monitor-Monitor,Monitor-Monitor,Monitor-Monitor,Monitor-Monitor,Monitor-Monitor,Sell-Monitor,Sell-Monitor,Buy,Buy,Buy,Monitor-Monitor,Monitor-Monitor
2024-01-09,4.02,4.01,4.05,4.01,0.01,0.25,1900000,7658500,4.77,3.02,1.4,47.19,0.1,0.34,0.67,-0.32,-15997802.699999988,4.2894760452166985,4.590293141416465,4.49600706792001,3.494157674704454,4.0,4.0,-0.3885318398294868,0.550410669776389,0.6326039659832738,1.8900882713432687,Hold,Hold,Hold,Hold,Hold,Hold,Sell,Sell,Buy,Buy,Buy,Hold,Hold,Monitor-Monitor,Monitor-Monitor,Monitor-Monitor,Monitor-Monitor,Monitor-Monitor,Monitor-Monitor,Sell-Monitor,Sell-Monitor,Buy-Hold,Buy-Hold,Buy-Hold,Monitor-Monitor,Monitor-Monitor
2024-01-10,4.0,4.0,4.0,3.95,-0.02,-0.5,1265425,5036700,4.62,3.06,1.42,46.95,0.1,0.27,0.59,-0.32,-16538239.699999988,4.192984030144466,4.482967115704381,4.448768299546675,3.5139946286376125,4.0,4.0,0.2597766325172612,0.5156569856748191,0.6100127503221103,1.888046447457027,Hold,Hold,Hold,Hold,Hold,Hold,Sell,Sell,Buy,Buy,Buy,Hold,Hold,Monitor-Monitor,Monitor-Monitor,Monitor-Monitor,Monitor-Monitor,Monitor-Monitor,Monitor-Monitor,Sell-Monitor,Sell-Monitor,Buy-Hold,Buy-Hold,Buy-Hold,Monitor-Monitor,Monitor-Monitor
2024-01-11,3.85,4.0,4.0,3.85,-0.15,-3.75,7048070,27546674,4.43,3.1,1.43,45.16,0.05,0.19,0.51,-0.31,-22435027.399999976,4.078656020096311,4.367882185576312,4.391742747208896,3.52717130986751,3.95,3.95,1.4431356277089025,0.4892288985170877,0.5100501064710226,1.8849543923460028,Hold,Hold,Hold,Hold,Hold,Hold,Sell,Sell,Buy,Buy,Buy,Hold,Hold,Monitor-Monitor,Monitor-Monitor,Monitor-Monitor,Monitor-Monitor,Monitor-Monitor,Monitor-Monitor,Sell-Monitor,Sell-Monitor,Buy-Hold,Buy-Hold,Buy-Hold,Monitor-Monitor,Monitor-Monitor
2024-01-14,3.5,3.51,3.8,3.48,-0.35,-9.09,4290237,15277830,4.25,3.13,1.45,41.19,0.03,0.11,0.43,-0.32,-25359462.75,3.885770680064208,4.210085424562436,4.306814866522335,3.5261057683040784,3.95,3.95,0.8659554681346382,0.4806188485375928,0.4989366470582901,1.8789268430762949,Hold,Hold,Hold,Hold,Hold,Hold,Sell,Sell,Sell,Sell,Sell,Hold,Hold,Monitor-Monitor,Monitor-Monitor,Monitor-Monitor,Monitor-Monitor,Monitor-Monitor,Monitor-Monitor,Sell-Monitor,Sell-Monitor,Sell,Sell,Sell,Monitor-Monitor,Monitor-Monitor
2024-01-15,3.41,3.5,3.5,3.41,-0.09,-2.57,4216677,14509154,4.12,3.16,1.46,40.22,0.0,0.03,0.35,-0.32,-27999504.25,3.7271804533761386,4.064615347369266,4.221403926853541,3.521552600919605,3.48,3.48,0.8438009367900401,0.4524326721700691,0.5229669630525776,1.8720910604923864,Hold,Hold,Hold,Hold,Hold,Hold,Sell,Sell,Hold,Buy,Buy,Hold,Hold,Monitor-Monitor,Monitor-Monitor,Monitor-Monitor,Monitor-Monitor,Monitor-Monitor,Monitor-Monitor,Sell-Monitor,Sell-Monitor,Monitor-Monitor,Buy,Buy,Monitor-Monitor,Monitor-Monitor
2024-01-16,3.39,3.4,3.4,3.31,-0.02,-0.59,5355107,17874742,3.95,3.18,1.48,39.99,-0.01,-0.03,0.27,-0.31,-31107010.399999976,3.614786968917426,3.941958011483944,4.142222600486537,3.516393675393346,3.48,3.48,1.0626460067275412,0.4270204542765894,0.464834498624084,1.864872004143108,Hold,Buy,Hold,Hold,Hold,Hold,Sell,Hold,Sell,Buy,Buy,Hold,Hold,Monitor-Monitor,Buy,Monitor-Monitor,Monitor-Monitor,Monitor-Monitor,Monitor-Monitor,Sell-Monitor,Monitor-Monitor,Sell-Monitor,Buy-Hold,Buy-Hold,Monitor-Monitor,Monitor-Monitor
2024-01-17,3.0,3.39,3.39,2.99,-0.39,-11.5,8630227,25902834,3.8,3.2,1.49,35.75,-0.05,-0.11,0.19,-0.31,-37086875.19999999,3.4098579792782844,3.770692918486863,4.033439495678295,3.49614294302498,3.31,3.31,1.6945407458559991,0.4250734571520794,0.508990285871061,1.8571244065017527,Hold,Sell,Hold,Hold,Hold,Hold,Sell,Hold,Sell,Sell,Sell,Hold,Hold,Monitor-Monitor,Sell,Monitor-Monitor,Monitor-Monitor,Monitor-Monitor,Monitor-Monitor,Sell-Monitor,Monitor-Monitor,Sell-Monitor,Sell,Sell,Monitor-Monitor,Monitor-Monitor
2024-01-18,2.98,3.0,3.0,2.9,-0.02,-0.67,4644050,13587106,3.62,3.24,1.5,35.54,-0.04,-0.18,0.12,-0.3,-38823360.5,3.266571986185523,3.6269305696710696,3.933111924661315,3.4759020432985097,3.31,3.31,0.8966625771132719,0.4016645257213392,0.4172409375888161,1.8348402477310863,Hold,Buy,Hold,Hold,Hold,Hold,Sell,Hold,Sell,Sell,Sell,Hold,Hold,Monitor-Monitor,Buy,Monitor-Monitor,Monitor-Monitor,Monitor-Monitor,Monitor-Monitor,Sell-Monitor,Monitor-Monitor,Sell-Monitor,Sell-Monitor,Sell-Monitor,Monitor-Monitor,Monitor-Monitor
2024-01-21,2.98,2.81,3.0,2.75,0.0,0.0,12203068,34335272,3.51,3.28,1.51,35.54,0.02,-0.22,0.05,-0.28,-35915795.80000001,3.1710479907903486,3.509306829730875,3.842339360407856,3.4564549043456267,2.9,2.9,0.0,0.390749339992722,0.4361498213534676,1.8113339317323285,Hold,Buy,Hold,Hold,Hold,Hold,Sell,Hold,Buy,Buy,Buy,Hold,Hold,Monitor-Monitor,Buy-Hold,Monitor-Monitor,Monitor-Monitor,Monitor-Monitor,Monitor-Monitor,Sell-Monitor,Monitor-Monitor,Buy,Buy,Buy,Monitor-Monitor,Monitor-Monitor
2024-01-22,3.39,2.98,3.4,2.94,0.41,13.76,10874365,34407784,3.45,3.32,1.53,43.38,0.01,-0.23,-0.0,-0.22,-21550447.399999976,3.2440319938602324,3.487614678870716,3.799259421321394,3.453848829665406,2.9,2.9,-2.080938583325731,0.3957305663220611,0.4004109000625288,1.786173655200023,Hold,Hold,Hold,Hold,Hold,Hold,Sell,Hold,Buy,Buy,Buy,Hold,Hold,Monitor-Monitor,Hold-Hold,Monitor-Monitor,Monitor-Monitor,Monitor-Monitor,Monitor-Monitor,Sell-Monitor,Monitor-Monitor,Buy-Hold,Buy-Hold,Buy-Hold,Monitor-Monitor,Monitor-Monitor
2024-01-23,3.96,3.5,3.99,3.4,0.57,16.81,22523000,84540248,3.45,3.38,1.54,52.09,0.06,-0.18,-0.04,-0.14,3337386.0,3.4826879959068218,3.57350291907604,3.8145680478622137,3.473697895168724,2.9,2.9,-4.4016382943461885,0.4104163749531128,0.3912998282079243,1.7610399177295022,Hold,Sell,Hold,Hold,Hold,Hold,Buy,Hold,Buy,Buy,Buy,Hold,Hold,Monitor-Monitor,Sell,Monitor-Monitor,Monitor-Monitor,Monitor-Monitor,Monitor-Monitor,Buy,Monitor-Monitor,Buy-Hold,Buy-Hold,Buy-Hold,Monitor-Monitor,Monitor-Monitor
2024-01-24,3.82,3.95,3.95,3.82,-0.14,-3.54,7853232,30535554,3.43,3.43,1.56,50.06,0.14,-0.15,-0.06,-0.09,-3107201.0,3.595125330604548,3.618320570153124,3.815085376637241,3.487278369867989,2.9,2.9,1.605410475375968,0.3909840283242362,0.3663271155068257,1.73348223326956,Hold,Hold,Hold,Hold,Hold,Hold,Sell,Hold,Buy,Buy,Buy,Hold,Hold,Monitor-Monitor,Monitor-Monitor,Monitor-Monitor,Monitor-Monitor,Monitor-Monitor,Monitor-Monitor,Sell,Monitor-Monitor,Buy-Hold,Buy-Hold,Buy-Hold,Monitor-Monitor,Monitor-Monitor
2024-01-25,3.75,3.82,3.82,3.67,-0.07,-1.83,5537066,20781368,3.42,3.48,1.57,49.02,0.11,-0.13,-0.08,-0.06,-6636824.800000012,3.646750220403032,3.642262284670737,3.808886769338456,3.497581178892774,2.9,2.9,1.1140393478474175,0.3736741971315371,0.3547080176395418,1.7035676370128507,Hold,Hold,Hold,Hold,Hold,Hold,Sell,Hold,Buy,Buy,Buy,Hold,Hold,Monitor-Monitor,Monitor-Monitor,Monitor-Monitor,Monitor-Monitor,Monitor-Monitor,Monitor-Monitor,Sell-Monitor,Monitor-Monitor,Buy-Hold,Buy-Hold,Buy-Hold,Monitor-Monitor,Monitor-Monitor
2024-01-28,3.7,3.75,3.84,3.7,-0.05,-1.33,2250000,8412000,3.44,3.53,1.59,48.26,-0.01,-0.12,-0.09,-0.04,-7768150.550000012,3.6645001469353553,3.65276005109424,3.798516600830032,3.5055191718773715,3.67,3.67,0.4477049417972001,0.3568961611424991,0.3653248174189892,1.670825886457694,Hold,Hold,Hold,Hold,Hold,Hold,Sell,Hold,Sell,Sell,Sell,Hold,Hold,Monitor-Monitor,Monitor-Monitor,Monitor-Monitor,Monitor-Monitor,Monitor-Monitor,Monitor-Monitor,Sell-Monitor,Monitor-Monitor,Sell,Sell,Sell,Monitor-Monitor,Monitor-Monitor
2024-01-29,3.6,3.7,3.7,3.6,-0.1,-2.7,1334567,4823148,3.46,3.58,1.61,46.69,0.0,-0.12,-0.09,-0.03,-8063564.949999988,3.643000097956904,3.6431673145316505,3.779610257893838,3.5092243023919845,3.67,3.67,0.2643685162258435,0.3384576320537131,0.3686326084328344,1.6351419335510724,Hold,Hold,Hold,Hold,Hold,Hold,Sell,Hold,Hold,Sell,Sell,Hold,Hold,Monitor-Monitor,Monitor-Monitor,Monitor-Monitor,Monitor-Monitor,Monitor-Monitor,Monitor-Monitor,Sell-Monitor,Monitor-Monitor,Monitor-Monitor,Sell-Monitor,Sell-Monitor,Monitor-Monitor,Monitor-Monitor
2024-01-30,3.5,3.5,3.52,3.5,-0.1,-2.78,2915000,10209500,3.47,3.63,1.62,45.1,-0.01,-0.13,-0.1,-0.03,-9558662.350000024,3.595333398637936,3.617136893707714,3.752980709522997,3.5088625650432794,3.67,3.67,0.575918842852241,0.3213484288179308,0.368051928703298,1.597227048637092,Hold,Hold,Hold,Hold,Hold,Hold,Sell,Hold,Sell,Sell,Sell,Hold,Hold,Monitor-Monitor,Monitor-Monitor,Monitor-Monitor,Monitor-Monitor,Monitor-Monitor,Monitor-Monitor,Sell-Monitor,Monitor-Monitor,Sell-Monitor,Sell-Monitor,Sell-Monitor,Monitor-Monitor,Monitor-Monitor
2024-01-31,3.79,3.39,3.8,3.39,0.29,8.29,7604852,28193618,3.55,3.68,1.64,50.36,0.04,-0.1,-0.1,-0.0,-942190.1000000238,3.660222265758624,3.648566549397221,3.756506356235093,3.5198875624925625,3.5,3.5,-1.4938929802250869,0.3277070896880202,0.3401649926465345,1.5568246726026942,Hold,Hold,Hold,Hold,Hold,Hold,Sell,Hold,Buy,Buy,Buy,Hold,Hold,Monitor-Monitor,Monitor-Monitor,Monitor-Monitor,Monitor-Monitor,Monitor-Monitor,Monitor-Monitor,Sell-Monitor,Monitor-Monitor,Buy,Buy,Buy,Monitor-Monitor,Monitor-Monitor
2024-02-01,3.69,3.56,3.74,3.56,-0.1,-2.64,2405000,8763650,3.62,3.73,1.65,48.63,-0.03,-0.1,-0.1,0.0,-1322323.8999999762,3.670148177172417,3.656099904052271,3.750172417546036,3.5265586384732464,3.5,3.5,0.4796016236275902,0.3207009956252784,0.276879436257401,1.5127559523692404,Hold,Hold,Hold,Hold,Hold,Hold,Sell,Hold,Sell,Buy,Buy,Hold,Hold,Monitor-Monitor,Monitor-Monitor,Monitor-Monitor,Monitor-Monitor,Monitor-Monitor,Monitor-Monitor,Sell-Monitor,Monitor-Monitor,Sell,Buy-Hold,Buy-Hold,Monitor-Monitor,Monitor-Monitor
2024-02-04,3.67,3.67,3.74,3.67,-0.02,-0.54,3903900,14348530,3.69,3.78,1.67,48.27,0.11,-0.09,-0.1,0.01,-4288906.850000024,3.670098784781611,3.658627194224585,3.742536949208318,3.5321837899056683,3.5,3.5,0.7747941695848581,0.3027294314459832,0.1626208951996909,1.4651985168834791,Hold,Hold,Hold,Hold,Hold,Hold,Sell,Buy,Buy,Buy,Buy,Hold,Hold,Monitor-Monitor,Monitor-Monitor,Monitor-Monitor,Monitor-Monitor,Monitor-Monitor,Monitor-Monitor,Sell-Monitor,Buy,Buy,Buy-Hold,Buy-Hold,Monitor-Monitor,Monitor-Monitor
2024-02-05,3.55,3.55,3.69,3.55,-0.12,-3.27,4930000,17777050,3.7,3.83,1.68,46.09,0.09,-0.09,-0.1,0.0,-8035089.800000012,3.630065856521074,3.63887679527466,3.724200096902764,3.5328824648113284,3.5,3.5,0.9709182376714588,0.2910671245534723,0.1358144158605732,1.4145519085706302,Hold,Hold,Hold,Hold,Hold,Hold,Sell,Hold,Buy,Buy,Buy,Hold,Hold,Monitor-Monitor,Monitor-Monitor,Monitor-Monitor,Monitor-Monitor,Monitor-Monitor,Monitor-Monitor,Sell-Monitor,Hold-Hold,Buy-Hold,Buy-Hold,Buy-Hold,Monitor-Monitor,Monitor-Monitor
2024-02-07,3.53,3.55,3.6,3.51,-0.02,-0.56,10501491,37255956,3.66,3.88,1.7,45.72,0.04,-0.09,-0.1,0.0,-16732689.199999988,3.596710571014049,3.619081014315631,3.7057048495786913,3.53276942697559,3.55,3.55,2.04828506500856,0.276660708532482,0.1112554617884954,1.359105363007261,Hold,Hold,Hold,Hold,Hold,Hold,Sell,Hold,Buy,Buy,Buy,Hold,Hold,Monitor-Monitor,Monitor-Monitor,Monitor-Monitor,Monitor-Monitor,Monitor-Monitor,Monitor-Monitor,Sell-Monitor,Hold-Hold,Buy-Hold,Buy-Hold,Buy-Hold,Monitor-Monitor,Monitor-Monitor
2024-02-08,3.5,3.53,3.55,3.5,-0.03,-0.85,3700000,13050500,3.63,3.93,1.71,45.13,0.0,-0.1,-0.1,-0.0,-18507068.850000024,3.5644737140093663,3.5974299208036977,3.686113911523578,3.53148435140792,3.55,3.55,0.7071889192104885,0.2604241094884951,0.1060188662455597,1.29872942618891,Hold,Hold,Hold,Hold,Hold,Hold,Sell,Hold,Hold,Buy,Buy,Hold,Hold,Monitor-Monitor,Monitor-Monitor,Monitor-Monitor,Monitor-Monitor,Monitor-Monitor,Monitor-Monitor,Sell-Monitor,Hold-Hold,Hold-Hold,Buy-Hold,Buy-Hold,Monitor-Monitor,Monitor-Monitor
2024-02-11,3.5,3.55,3.55,3.5,0.0,0.0,2810000,9950500,3.6,3.98,1.73,45.13,0.04,-0.1,-0.1,-0.0,-16933852.0,3.5429824760062445,3.5797153897484795,3.6683887770927615,3.53024967096055,3.55,3.55,0.0,0.2453536969191704,0.1034998658077214,1.232488589175971,Hold,Hold,Hold,Hold,Hold,Hold,Sell,Hold,Buy,Sell,Sell,Hold,Hold,Monitor-Monitor,Monitor-Monitor,Monitor-Monitor,Monitor-Monitor,Monitor-Monitor,Monitor-Monitor,Sell-Monitor,Hold-Hold,Buy-Hold,Sell,Sell,Monitor-Monitor,Monitor-Monitor
2024-02-12,3.35,3.5,3.5,3.35,-0.15,-4.29,2662000,8935200,3.57,4.02,1.74,42.0,0.05,-0.11,-0.1,-0.01,-18104047.0,3.478654984004163,3.537948955248756,3.638066036417261,3.5231810564130783,3.55,3.55,0.5052208913894685,0.2385258404104065,0.124168344507657,1.1645330850269755,Hold,Hold,Hold,Hold,Hold,Hold,Sell,Sell,Buy,Sell,Sell,Hold,Hold,Monitor-Monitor,Monitor-Monitor,Monitor-Monitor,Monitor-Monitor,Monitor-Monitor,Monitor-Monitor,Sell-Monitor,Sell,Buy-Hold,Sell-Monitor,Sell-Monitor,Monitor-Monitor,Monitor-Monitor
2024-02-13,3.25,3.29,3.37,3.23,-0.1,-2.99,12816015,42048208,3.53,4.06,1.76,40.01,0.01,-0.13,-0.11,-0.02,-28998290.100000024,3.4024366560027755,3.485594599748982,3.6011073662822835,3.512468073808644,3.35,3.35,2.420124087751807,0.2314720892907602,0.1586785709819811,1.1025434231811444,Hold,Hold,Hold,Hold,Hold,Hold,Sell,Hold,Buy,Buy,Buy,Hold,Hold,Monitor-Monitor,Monitor-Monitor,Monitor-Monitor,Monitor-Monitor,Monitor-Monitor,Monitor-Monitor,Sell-Monitor,Monitor-Monitor,Buy-Hold,Buy,Buy,Monitor-Monitor,Monitor-Monitor
2024-02-14,3.4,3.34,3.5,3.34,0.15,4.62,2213142,7490777,3.52,4.1,1.77,44.28,-0.03,-0.13,-0.11,-0.02,-25241788.649999976,3.401624437335184,3.4700319452491666,3.5819542837792087,3.508057561110266,3.35,3.35,-0.4080455158861351,0.2327983382925278,0.164049450539211,1.0466823193075423,Hold,Hold,Hold,Hold,Hold,Hold,Sell,Hold,Sell,Buy,Buy,Hold,Hold,Monitor-Monitor,Monitor-Monitor,Monitor-Monitor,Monitor-Monitor,Monitor-Monitor,Monitor-Monitor,Sell-Monitor,Monitor-Monitor,Sell,Buy-Hold,Buy-Hold,Monitor-Monitor,Monitor-Monitor
2024-02-15,3.35,3.4,3.4,3.35,-0.05,-1.47,49539,167433,3.48,4.13,1.79,43.17,0.04,-0.13,-0.11,-0.02,-24177002.600000024,3.3844162915567897,3.448207955203864,3.5598633996097604,3.501859225380452,3.35,3.35,0.0091711185996601,0.2197154206020463,0.1420054772026445,1.0024085484268277,Hold,Hold,Hold,Hold,Hold,Hold,Sell,Hold,Buy,Buy,Buy,Hold,Hold,Monitor-Monitor,Monitor-Monitor,Monitor-Monitor,Monitor-Monitor,Monitor-Monitor,Monitor-Monitor,Sell-Monitor,Monitor-Monitor,Buy,Buy-Hold,Buy-Hold,Monitor-Monitor,Monitor-Monitor
2024-02-18,3.4,3.3,3.5,3.3,0.05,1.49,1574192,5223621,3.45,4.15,1.8,44.66,0.01,-0.13,-0.12,-0.01,-21799397.649999976,3.38961086103786,3.4394428724395247,3.5446383139326407,3.4978647459537675,3.35,3.35,-0.291402281199804,0.2183045834148577,0.1223837316712204,0.9707781225724555,Hold,Hold,Hold,Hold,Hold,Hold,Sell,Hold,Buy,Buy,Buy,Hold,Hold,Monitor-Monitor,Monitor-Monitor,Monitor-Monitor,Monitor-Monitor,Monitor-Monitor,Monitor-Monitor,Sell-Monitor,Monitor-Monitor,Buy-Hold,Buy-Hold,Buy-Hold,Monitor-Monitor,Monitor-Monitor
2024-02-19,3.26,3.35,3.35,3.2,-0.14,-4.12,2809629,9109715,3.41,4.16,1.81,41.4,-0.08,-0.13,-0.12,-0.01,-23665132.25,3.3464072406919065,3.406816895632338,3.517529903081913,3.4885367167006787,3.35,3.35,0.5216168530467469,0.2169948781025357,0.1083666615400198,0.9562127890585752,Hold,Hold,Hold,Hold,Hold,Hold,Sell,Hold,Sell,Sell,Sell,Hold,Hold,Monitor-Monitor,Monitor-Monitor,Monitor-Monitor,Monitor-Monitor,Monitor-Monitor,Monitor-Monitor,Sell-Monitor,Monitor-Monitor,Sell,Sell,Sell,Monitor-Monitor,Monitor-Monitor
2024-02-20,3.15,3.25,3.35,3.15,-0.11,-3.37,12250000,39653616,3.37,4.16,1.82,38.99,-0.28,-0.14,-0.12,-0.02,-33815019.600000024,3.280938160461272,3.3601229146082763,3.4825270551693497,3.475260767026142,3.2,3.2,2.262451411501143,0.2157790315504159,0.1233288287465517,0.9574679405300486,Hold,Buy,Hold,Hold,Hold,Hold,Sell,Hold,Sell,Buy,Buy,Hold,Hold,Monitor-Monitor,Buy,Monitor-Monitor,Monitor-Monitor,Monitor-Monitor,Monitor-Monitor,Sell-Monitor,Monitor-Monitor,Sell-Monitor,Buy,Buy,Monitor-Monitor,Monitor-Monitor
2024-02-21,3.16,3.18,3.2,3.15,0.01,0.32,2936809,9269837,3.33,4.15,1.84,39.33,-0.58,-0.15,-0.13,-0.02,-27798788.399999976,3.2406254403075145,3.3237369301340443,3.451810192772269,3.462897599691784,3.2,3.2,-0.5303989741759829,0.2039202224146727,0.1251488003227312,0.9669555843164732,Hold,Buy,Hold,Hold,Hold,Hold,Sell,Hold,Sell,Buy,Buy,Hold,Hold,Monitor-Monitor,Buy-Hold,Monitor-Monitor,Monitor-Monitor,Monitor-Monitor,Monitor-Monitor,Sell-Monitor,Monitor-Monitor,Sell-Monitor,Buy-Hold,Buy-Hold,Monitor-Monitor,Monitor-Monitor
2024-02-22,3.16,3.16,3.16,3.16,0.0,0.0,75000,237000,3.3,4.12,1.85,39.33,-0.54,-0.16,-0.14,-0.02,-25112027.80000001,3.213750293538343,3.293966579200581,3.4240187458415767,3.451019262448969,3.2,3.2,0.0,0.1893345630706217,0.1205358406818728,0.975858408096716,Hold,Buy,Hold,Hold,Hold,Hold,Sell,Hold,Sell,Buy,Buy,Hold,Hold,Monitor-Monitor,Buy-Hold,Monitor-Monitor,Monitor-Monitor,Monitor-Monitor,Monitor-Monitor,Sell-Monitor,Monitor-Monitor,Sell-Monitor,Buy-Hold,Buy-Hold,Monitor-Monitor,Monitor-Monitor
2024-02-25,3.1,3.16,3.16,3.1,-0.06,-1.9,3575000,11154250,3.26,4.08,1.86,37.84,-0.6,-0.16,-0.14,-0.02,-26098370.5,3.1758335290255624,3.2586999284368394,3.3931598176661883,3.4372538011764604,3.2,3.2,0.6491015455057036,0.1800846440934752,0.1121308759144002,0.9782851510345486,Hold,Buy,Hold,Hold,Hold,Hold,Sell,Hold,Sell,Sell,Sell,Hold,Hold,Monitor-Monitor,Buy-Hold,Monitor-Monitor,Monitor-Monitor,Monitor-Monitor,Monitor-Monitor,Sell-Monitor,Monitor-Monitor,Sell-Monitor,Sell,Sell,Monitor-Monitor,Monitor-Monitor
2024-02-26,3.05,3.01,3.1,3.01,-0.05,-1.61,2764861,8423285,3.23,4.04,1.87,36.6,-0.57,-0.17,-0.15,-0.02,-26248831.149999976,3.133889019350375,3.2207544869028686,3.360477930269409,3.422067377600913,3.1,3.1,0.4987696250075668,0.1736424368902012,0.1242577965360627,0.9798500510021804,Hold,Buy,Hold,Hold,Hold,Hold,Sell,Hold,Sell,Buy,Buy,Hold,Hold,Monitor-Monitor,Buy-Hold,Monitor-Monitor,Monitor-Monitor,Monitor-Monitor,Monitor-Monitor,Sell-Monitor,Monitor-Monitor,Sell-Monitor,Buy,Buy,Monitor-Monitor,Monitor-Monitor
2024-02-27,3.06,3.05,3.06,3.01,0.01,0.33,1499806,4571072,3.21,4.01,1.88,37.04,-0.54,-0.17,-0.15,-0.02,-22276343.449999988,3.109259346233584,3.191526398375074,3.331860984529465,3.407868656910681,3.1,3.1,-0.2692161048586938,0.1648011620829972,0.1346146764328052,0.9796318342174476,Hold,Buy,Hold,Hold,Hold,Hold,Sell,Hold,Sell,Buy,Buy,Hold,Hold,Monitor-Monitor,Buy-Hold,Monitor-Monitor,Monitor-Monitor,Monitor-Monitor,Monitor-Monitor,Sell-Monitor,Monitor-Monitor,Sell-Monitor,Buy-Hold,Buy-Hold,Monitor-Monitor,Monitor-Monitor
2024-02-28,3.05,3.06,3.08,3.05,-0.01,-0.33,2704810,8272790,3.17,3.95,1.89,36.77,-0.54,-0.17,-0.16,-0.02,-22518981.25,3.0895062308223893,3.165794325943242,3.3050170812409445,3.393834591933792,3.01,3.01,0.486825681474512,0.155162716549449,0.1245614529280773,0.9495857098799242,Hold,Buy,Hold,Hold,Hold,Hold,Sell,Hold,Sell,Buy,Buy,Hold,Hold,Monitor-Monitor,Buy-Hold,Monitor-Monitor,Monitor-Monitor,Monitor-Monitor,Monitor-Monitor,Sell-Monitor,Monitor-Monitor,Sell-Monitor,Buy-Hold,Buy-Hold,Monitor-Monitor,Monitor-Monitor
2024-02-29,3.02,3.05,3.05,3.01,-0.03,-0.98,2670448,8075753,3.14,3.9,1.9,35.89,-0.68,-0.17,-0.16,-0.01,-22213492.049999952,3.066337487214926,3.139286266680834,3.277872597313236,3.379174411857957,3.01,3.01,0.4783124831360341,0.1469290415790004,0.116184718826906,0.931472413516822,Hold,Buy,Hold,Hold,Hold,Hold,Sell,Hold,Sell,Buy,Buy,Hold,Hold,Monitor-Monitor,Buy-Hold,Monitor-Monitor,Monitor-Monitor,Monitor-Monitor,Monitor-Monitor,Sell-Monitor,Monitor-Monitor,Sell-Monitor,Buy-Hold,Buy-Hold,Monitor-Monitor,Monitor-Monitor
2024-03-03,3.09,3.1,3.11,3.05,0.07,2.32,682065,2111402,3.11,3.84,1.91,39.5,-0.7,-0.17,-0.16,-0.01,-18709843.100000024,3.0742249914766173,3.130325127284318,3.2599799689976896,3.3678342388439195,3.01,3.01,-0.1215852862424982,0.1428591166143959,0.072571803523581,0.896774628707723,Hold,Buy,Hold,Hold,Hold,Hold,Sell,Hold,Sell,Buy,Buy,Hold,Hold,Monitor-Monitor,Buy-Hold,Monitor-Monitor,Monitor-Monitor,Monitor-Monitor,Monitor-Monitor,Sell-Monitor,Monitor-Monitor,Sell-Monitor,Buy-Hold,Buy-Hold,Monitor-Monitor,Monitor-Monitor
2024-03-04,3.0,3.02,3.02,3.0,-0.09,-2.91,305000,915246,3.08,3.79,1.92,36.65,-0.69,-0.17,-0.16,-0.01,-16373204.149999976,3.0494833276510787,3.10662964959626,3.2352199719502903,3.353409366732393,3.01,3.01,0.0544356553785485,0.1390803920520963,0.0579655069847473,0.8587826219927437,Hold,Buy,Hold,Hold,Hold,Hold,Sell,Hold,Sell,Buy,Buy,Hold,Hold,Monitor-Monitor,Buy-Hold,Monitor-Monitor,Monitor-Monitor,Monitor-Monitor,Monitor-Monitor,Sell-Monitor,Monitor-Monitor,Sell-Monitor,Buy-Hold,Buy-Hold,Monitor-Monitor,Monitor-Monitor
2024-03-05,3.0,3.0,3.0,2.99,0.0,0.0,2140000,6418600,3.07,3.72,1.94,36.65,-0.62,-0.17,-0.16,-0.0,-13978065.200000048,3.0329888851007194,3.087242440578758,3.2128180698597864,3.339550175880143,3.0,3.0,0.0,0.1298533954397497,0.0583952052826164,0.7786407832805525,Hold,Buy,Hold,Hold,Hold,Hold,Sell,Hold,Sell,Buy,Buy,Hold,Hold,Monitor-Monitor,Buy-Hold,Monitor-Monitor,Monitor-Monitor,Monitor-Monitor,Monitor-Monitor,Sell-Monitor,Monitor-Monitor,Sell-Monitor,Buy-Hold,Buy-Hold,Monitor-Monitor,Monitor-Monitor
2024-03-06,3.0,2.97,3.0,2.85,0.0,0.0,4472761,13034894,3.05,3.65,1.95,36.65,-0.52,-0.16,-0.16,0.0,-12108000.799999952,3.0219925900671467,3.0713801786553474,3.1925496822540924,3.3262344827083727,3.0,3.0,0.0,0.1312934485253209,0.0522919156700486,0.6823625225969664,Hold,Buy,Hold,Hold,Hold,Hold,Sell,Hold,Sell,Buy,Buy,Hold,Hold,Monitor-Monitor,Buy-Hold,Monitor-Monitor,Monitor-Monitor,Monitor-Monitor,Monitor-Monitor,Sell-Monitor,Monitor-Monitor,Sell-Monitor,Buy-Hold,Buy-Hold,Monitor-Monitor,Monitor-Monitor
2024-03-07,2.92,2.95,2.99,2.92,-0.08,-2.67,1338000,3946360,3.03,3.6,1.96,33.92,-0.5,-0.16,-0.16,-0.0,-11694036.399999976,2.9879950600447645,3.0438565098089203,3.1665925696584645,3.310303718680593,3.0,3.0,0.2386730501920508,0.1276272433299454,0.0527994107711155,0.6326571435022982,Buy,Buy,Buy,Hold,Hold,Hold,Sell,Hold,Sell,Sell,Sell,Buy,Hold,Buy,Buy-Hold,Buy,Monitor-Monitor,Monitor-Monitor,Monitor-Monitor,Sell-Monitor,Monitor-Monitor,Sell-Monitor,Sell,Sell,Buy,Monitor-Monitor
2024-03-10,2.95,3.0,3.05,2.95,0.03,1.03,1439411,4283233,3.01,3.54,1.97,35.85,-0.49,-0.16,-0.16,0.0,-8574631.549999952,2.975330040029843,3.026791689843661,3.145964705881468,3.2961741610852764,2.92,2.92,-0.2561514261982922,0.1277968284954234,0.0516827931821649,0.559562839570829,Hold,Buy,Hold,Hold,Hold,Hold,Sell,Hold,Sell,Buy,Buy,Hold,Hold,Hold-Hold,Buy-Hold,Hold-Hold,Monitor-Monitor,Monitor-Monitor,Monitor-Monitor,Sell-Monitor,Monitor-Monitor,Sell-Monitor,Buy,Buy,Hold-Hold,Monitor-Monitor
2024-03-12,3.0,3.09,3.09,2.88,0.05,1.69,3626242,10530838,3.01,3.5,1.98,39.03,-0.43,-0.15,-0.16,0.01,-3582807.7999999523,2.983553360019896,3.02192047350845,3.132063305321328,3.2845594881015403,2.92,2.92,-0.6469677364841164,0.1336717823683683,0.050210667303975,0.5083483057904276,Hold,Buy,Hold,Hold,Hold,Hold,Sell,Buy,Sell,Buy,Buy,Hold,Hold,Hold-Hold,Buy-Hold,Hold-Hold,Monitor-Monitor,Monitor-Monitor,Monitor-Monitor,Sell-Monitor,Buy,Sell-Monitor,Buy-Hold,Buy-Hold,Hold-Hold,Monitor-Monitor
2024-03-13,2.9,2.89,2.9,2.85,-0.1,-3.33,4653164,13411126,2.99,3.46,1.99,35.26,-0.24,-0.15,-0.16,0.01,-7278532.600000024,2.955702240013264,2.9997531146887315,3.109962038147868,3.269478723862264,2.92,2.92,0.8355896901656834,0.1348386920422433,0.0571644800359214,0.4793278031338689,Hold,Buy,Hold,Hold,Hold,Hold,Sell,Buy,Sell,Buy,Buy,Hold,Hold,Hold-Hold,Buy-Hold,Hold-Hold,Monitor-Monitor,Monitor-Monitor,Monitor-Monitor,Sell-Monitor,Buy-Hold,Sell-Monitor,Buy-Hold,Buy-Hold,Hold-Hold,Monitor-Monitor
2024-03-14,2.9,2.91,2.91,2.9,0.0,0.0,1550000,4507250,2.98,3.42,2.0,35.26,-0.26,-0.15,-0.16,0.01,-6210436.299999952,2.9371348266755097,2.981616184745325,3.0899656535623565,3.2549893621421755,2.85,2.85,0.0,0.1259173233531115,0.0601479656994097,0.4313642809240713,Hold,Buy,Hold,Hold,Hold,Hold,Sell,Buy,Sell,Buy,Buy,Hold,Hold,Hold-Hold,Buy-Hold,Hold-Hold,Monitor-Monitor,Monitor-Monitor,Monitor-Monitor,Sell-Monitor,Buy-Hold,Sell-Monitor,Buy-Hold,Buy-Hold,Hold-Hold,Monitor-Monitor
2024-03-17,2.95,2.9,2.98,2.9,0.05,1.72,1120000,3309500,2.97,3.39,2.01,38.7,-0.25,-0.14,-0.16,0.01,-4080816.950000048,2.941423217783673,2.9758677875189026,3.0766355913183223,3.2430289949993454,2.85,2.85,-0.1994568213753877,0.1226360393902671,0.0587745220690402,0.40713714281704,Hold,Buy,Hold,Hold,Hold,Hold,Sell,Buy,Sell,Buy,Buy,Hold,Hold,Hold-Hold,Buy-Hold,Hold-Hold,Monitor-Monitor,Monitor-Monitor,Monitor-Monitor,Sell-Monitor,Buy-Hold,Sell-Monitor,Buy-Hold,Buy-Hold,Hold-Hold,Monitor-Monitor
2024-03-18,2.95,2.95,2.95,2.95,0.0,0.0,31063,91636,2.96,3.35,2.02,38.7,-0.25,-0.14,-0.15,0.01,-2992488.0,2.944282145189116,2.9711645534245568,3.0645750588118155,3.231537661862116,2.85,2.85,0.0,0.1138726639880546,0.0413790070231511,0.3530043648917837,Hold,Buy,Hold,Hold,Hold,Hold,Sell,Buy,Sell,Buy,Buy,Hold,Hold,Hold-Hold,Buy-Hold,Hold-Hold,Monitor-Monitor,Monitor-Monitor,Monitor-Monitor,Sell-Monitor,Buy-Hold,Sell-Monitor,Buy-Hold,Buy-Hold,Hold-Hold,Monitor-Monitor
2024-03-19,2.97,2.99,2.99,2.97,0.02,0.68,1010000,2999900,2.95,3.33,2.03,40.17,-0.27,-0.13,-0.15,0.02,-1085140.5,2.9528547634594107,2.970952816438273,3.055567910353548,3.221281282965563,2.85,2.85,-0.1802267867532903,0.1085939989337061,0.0389301368550811,0.3438673213521112,Hold,Hold,Hold,Hold,Hold,Hold,Sell,Buy,Sell,Buy,Buy,Hold,Hold,Hold-Hold,Hold-Hold,Hold-Hold,Monitor-Monitor,Monitor-Monitor,Monitor-Monitor,Sell-Monitor,Buy-Hold,Sell-Monitor,Buy-Hold,Buy-Hold,Hold-Hold,Monitor-Monitor
2024-03-20,2.9,2.96,2.96,2.9,-0.07,-2.36,2800000,8210000,2.94,3.31,2.04,36.83,-0.1,-0.13,-0.14,0.02,-3460293.0,2.935236508972941,2.958052304358587,3.040751918891305,3.208682016966913,2.85,2.85,0.5005407252072214,0.1058362920951185,0.0386436713231702,0.3347543113681891,Hold,Buy,Hold,Hold,Hold,Hold,Sell,Buy,Sell,Buy,Buy,Hold,Hold,Hold-Hold,Buy-Hold,Hold-Hold,Monitor-Monitor,Monitor-Monitor,Monitor-Monitor,Sell-Monitor,Buy-Hold,Sell-Monitor,Buy-Hold,Buy-Hold,Hold-Hold,Monitor-Monitor
2024-03-24,2.97,2.9,2.97,2.9,0.07,2.41,1000100,2900297,2.94,3.29,2.05,42.02,-0.04,-0.12,-0.14,0.02,-1938510.0499999523,2.9468243393152944,2.9602246126570257,3.034013640901657,3.199321937870172,2.85,2.85,-0.1778919992681094,0.1032757011018632,0.0347850542618507,0.3218236302380398,Hold,Hold,Hold,Hold,Hold,Hold,Sell,Buy,Sell,Buy,Buy,Hold,Hold,Hold-Hold,Hold-Hold,Hold-Hold,Monitor-Monitor,Monitor-Monitor,Monitor-Monitor,Sell-Monitor,Buy-Hold,Sell-Monitor,Buy-Hold,Buy-Hold,Hold-Hold,Monitor-Monitor
2024-03-25,2.77,2.73,2.81,2.72,-0.2,-6.73,7547000,20886650,2.93,3.26,2.06,33.55,-0.02,-0.12,-0.13,0.01,-8586477.100000024,2.8878828928768634,2.925638319446657,3.008869484625309,3.182485783443891,2.9,2.9,1.344808984397439,0.1137592618721759,0.0644980619863886,0.3130540150302012,Sell,Buy,Sell,Buy,Hold,Hold,Sell,Sell,Sell,Sell,Sell,Sell,Hold,Sell,Buy-Hold,Sell,Buy,Monitor-Monitor,Monitor-Monitor,Sell-Monitor,Sell,Sell-Monitor,Sell,Sell,Sell,Monitor-Monitor
2024-03-26,2.77,2.78,2.79,2.77,0.0,0.0,1970320,5475790,2.91,3.24,2.07,33.55,0.02,-0.13,-0.13,0.01,-7866194.149999976,2.8485885952512424,2.8973404431836283,2.986120009899089,3.16630987036766,2.9,2.9,0.0,0.1070602411213327,0.0802496105909567,0.308872141832181,Buy,Buy,Hold,Buy,Buy,Hold,Sell,Buy,Buy,Sell,Sell,Hold,Hold,Buy,Buy-Hold,Monitor-Monitor,Buy-Hold,Buy,Monitor-Monitor,Sell-Monitor,Buy,Buy,Sell-Monitor,Sell-Monitor,Monitor-Monitor,Monitor-Monitor
2024-03-27,2.63,2.8,2.8,2.63,-0.14,-5.05,3410000,9292300,2.87,3.22,2.08,28.83,-0.05,-0.14,-0.14,-0.01,-10523654.25,2.775725730167495,2.8487330898775136,2.952203818480128,3.1452781107453984,2.72,2.72,0.5995689342003896,0.1115571415935554,0.1120961888538414,0.3182993072244908,Sell,Sell,Buy,Sell,Sell,Hold,Sell,Sell,Sell,Buy,Buy,Buy,Hold,Sell,Sell,Buy,Sell,Sell,Monitor-Monitor,Sell-Monitor,Sell,Sell,Buy,Buy,Buy,Monitor-Monitor
2024-03-28,2.66,2.63,2.73,2.6,0.03,1.14,4651021,12292936,2.85,3.21,2.09,31.06,-0.08,-0.15,-0.14,-0.01,-5277654.100000024,2.7371504867783303,2.814417982627057,2.924374883386782,3.12624759659852,2.72,2.72,-0.8128996265820643,0.11287481605645,0.1295333504889363,0.3268544580309298,Buy,Buy,Hold,Hold,Hold,Hold,Sell,Hold,Sell,Buy,Buy,Hold,Hold,Buy,Buy,Hold-Hold,Monitor-Monitor,Monitor-Monitor,Monitor-Monitor,Sell-Monitor,Monitor-Monitor,Sell-Monitor,Buy-Hold,Buy-Hold,Hold-Hold,Monitor-Monitor
2024-04-01,2.56,2.6,2.6,2.48,-0.1,-3.76,3500000,8838000,2.81,3.19,2.1,27.91,-0.0,-0.16,-0.14,-0.02,-8142915.450000048,2.678100324518887,2.768160167603955,2.889672513540422,3.1040418084966177,2.72,2.72,0.6167390871952394,0.1176705786467836,0.1559950141653427,0.3382888513368044,Buy,Buy,Buy,Hold,Hold,Hold,Sell,Hold,Hold,Sell,Sell,Hold,Hold,Buy-Hold,Buy-Hold,Buy-Hold,Monitor-Monitor,Monitor-Monitor,Monitor-Monitor,Sell-Monitor,Monitor-Monitor,Monitor-Monitor,Sell,Sell,Hold-Hold,Monitor-Monitor
2024-04-02,2.53,2.45,2.54,2.44,-0.03,-1.17,2479942,6123454,2.77,3.18,2.1,27.03,0.06,-0.17,-0.15,-0.02,-9997644.100000024,2.628733549679258,2.7248583189486903,2.8554179884413347,3.081530365026162,2.48,2.48,0.434314886157594,0.1178370015444792,0.1708443085905387,0.3500360914336142,Buy,Buy,Buy,Hold,Buy,Hold,Sell,Hold,Buy,Buy,Buy,Hold,Hold,Buy-Hold,Buy-Hold,Buy-Hold,Monitor-Monitor,Buy,Monitor-Monitor,Sell-Monitor,Monitor-Monitor,Buy,Buy,Buy,Hold-Hold,Monitor-Monitor
2024-04-03,2.75,2.53,2.8,2.53,0.22,8.7,4534324,11969840,2.75,3.18,2.12,41.65,0.11,-0.16,-0.15,-0.01,-5030719.700000048,2.669155699786172,2.729429533685292,2.84537818001835,3.0685291742408225,2.48,2.48,-0.7906670113244862,0.1287079500106383,0.1588465367020126,0.3542283363675376,Hold,Hold,Hold,Hold,Hold,Hold,Sell,Hold,Buy,Buy,Buy,Hold,Hold,Hold-Hold,Hold-Hold,Hold-Hold,Monitor-Monitor,Hold-Hold,Monitor-Monitor,Sell-Monitor,Monitor-Monitor,Buy-Hold,Buy-Hold,Buy-Hold,Hold-Hold,Monitor-Monitor
2024-04-04,3.15,2.7,3.2,2.7,0.4,14.55,36237828,110766168,2.77,3.18,2.13,58.09,0.39,-0.11,-0.14,0.03,29812567.299999952,2.829437133190781,2.805896891197057,2.8743897819213644,3.07172410858432,2.48,2.48,-6.369285251948775,0.1552337112714653,0.1929565293588783,0.3531110133585486,Sell,Sell,Sell,Hold,Sell,Hold,Buy,Buy,Buy,Buy,Buy,Sell,Hold,Sell,Sell,Sell,Monitor-Monitor,Sell,Monitor-Monitor,Buy,Buy,Buy-Hold,Buy-Hold,Buy-Hold,Sell,Monitor-Monitor
2024-04-07,3.05,3.15,3.4,3.05,-0.1,-3.17,56421907,182277312,2.78,3.17,2.14,54.0,-0.16,-0.09,-0.13,0.04,-25182785.350000024,2.9029580887938544,2.850279274615774,2.89111456459552,3.070872182757484,2.48,2.48,10.591511990499436,0.1691479760371821,0.209401262863647,0.3522689719112765,Hold,Hold,Hold,Hold,Hold,Hold,Sell,Buy,Sell,Buy,Buy,Hold,Hold,Monitor-Monitor,Monitor-Monitor,Monitor-Monitor,Monitor-Monitor,Monitor-Monitor,Monitor-Monitor,Sell,Buy-Hold,Sell,Buy-Hold,Buy-Hold,Monitor-Monitor,Monitor-Monitor
2024-04-08,3.05,3.0,3.05,2.92,0.0,0.0,24142502,73181632,2.79,3.16,2.15,54.0,-0.02,-0.06,-0.12,0.05,-23756231.0,2.951972059195903,2.8865921337765426,2.906246510824518,3.0700536657866024,2.48,2.48,0.0,0.1663512465241458,0.2186219466466182,0.3338468425576517,Hold,Hold,Hold,Hold,Hold,Hold,Sell,Buy,Sell,Buy,Buy,Hold,Hold,Monitor-Monitor,Monitor-Monitor,Monitor-Monitor,Monitor-Monitor,Monitor-Monitor,Monitor-Monitor,Sell-Monitor,Buy-Hold,Sell-Monitor,Buy-Hold,Buy-Hold,Monitor-Monitor,Monitor-Monitor
2024-04-14,3.15,3.0,3.15,3.0,0.1,3.28,5071284,15427852,2.83,3.14,2.17,57.47,0.02,-0.04,-0.1,0.06,-17578856.850000024,3.0179813727972684,2.9344844730898982,2.9294611288412304,3.0731888161479124,2.92,2.92,-0.8608080865354029,0.1651831275573708,0.2457188999197632,0.3197849404885485,Hold,Hold,Hold,Hold,Hold,Hold,Sell,Buy,Buy,Buy,Buy,Hold,Hold,Monitor-Monitor,Monitor-Monitor,Monitor-Monitor,Monitor-Monitor,Monitor-Monitor,Monitor-Monitor,Sell-Monitor,Buy-Hold,Buy,Buy-Hold,Buy-Hold,Monitor-Monitor,Monitor-Monitor
2024-04-15,3.1,3.1,3.1,3.1,-0.05,-1.59,10000,31000,2.86,3.13,2.18,55.23,0.02,-0.02,-0.09,0.06,-16410296.149999976,3.04532091519818,2.964578205255372,2.9457029260944463,3.074240235122504,2.92,2.92,0.0017121548133713,0.1569546310949993,0.2585880464711745,0.3075501618286285,Hold,Hold,Hold,Hold,Hold,Hold,Sell,Buy,Buy,Buy,Buy,Hold,Hold,Monitor-Monitor,Monitor-Monitor,Monitor-Monitor,Monitor-Monitor,Monitor-Monitor,Monitor-Monitor,Sell-Monitor,Buy-Hold,Buy-Hold,Buy-Hold,Buy-Hold,Monitor-Monitor,Monitor-Monitor
2024-04-16,2.92,2.92,2.92,2.92,-0.18,-5.81,1104478,3225076,2.89,3.11,2.19,47.95,0.02,-0.02,-0.07,0.05,-16099677.450000048,3.0035472767987863,2.956473077027121,2.9432550283711656,3.0681915984510333,2.92,2.92,0.1891004947025765,0.1586009388473544,0.2454836496026212,0.2976284493753081,Hold,Hold,Hold,Hold,Hold,Hold,Sell,Sell,Sell,Sell,Sell,Hold,Hold,Monitor-Monitor,Monitor-Monitor,Monitor-Monitor,Monitor-Monitor,Monitor-Monitor,Monitor-Monitor,Sell-Monitor,Sell,Sell,Sell,Sell,Monitor-Monitor,Monitor-Monitor
2024-04-17,2.92,2.9,2.95,2.9,0.0,0.0,1750000,5109000,2.92,3.1,2.2,47.95,-0.01,-0.02,-0.06,0.04,-14917238.950000048,2.9756981845325243,2.949841608476736,2.941040263764388,3.06238016321766,2.92,2.92,0.0,0.1508428101199045,0.2315551290249858,0.2903973351201717,Hold,Hold,Hold,Hold,Hold,Hold,Sell,Buy,Sell,Buy,Buy,Hold,Hold,Monitor-Monitor,Monitor-Monitor,Monitor-Monitor,Monitor-Monitor,Monitor-Monitor,Monitor-Monitor,Sell-Monitor,Buy,Sell-Monitor,Buy,Buy,Monitor-Monitor,Monitor-Monitor
2024-04-21,2.9,2.9,2.9,2.9,-0.02,-0.68,3750000,10875000,2.95,3.09,2.21,47.15,0.0,-0.02,-0.05,0.03,-17297300.450000048,2.9504654563550163,2.9407794978446016,2.937131667215399,3.056012313679713,2.92,2.92,0.6408352395646855,0.1414958672050215,0.1952662000677245,0.2858928013741346,Hold,Hold,Hold,Hold,Hold,Hold,Sell,Buy,Hold,Buy,Buy,Hold,Hold,Monitor-Monitor,Monitor-Monitor,Monitor-Monitor,Monitor-Monitor,Monitor-Monitor,Monitor-Monitor,Sell-Monitor,Buy-Hold,Monitor-Monitor,Buy-Hold,Buy-Hold,Monitor-Monitor,Monitor-Monitor
2024-04-22,2.85,2.86,2.86,2.85,-0.05,-1.72,1936465,5523925,2.98,3.07,2.22,45.13,-0.01,-0.03,-0.05,0.02,-17711003.700000048,2.9169769709033444,2.9242741346001284,2.9288334131948845,3.047933399417764,2.9,2.9,0.3288141794477228,0.1349597806715337,0.1354990774876325,0.2692077568097362,Hold,Hold,Hold,Hold,Hold,Hold,Sell,Buy,Sell,Buy,Buy,Hold,Hold,Monitor-Monitor,Monitor-Monitor,Monitor-Monitor,Monitor-Monitor,Monitor-Monitor,Monitor-Monitor,Sell-Monitor,Buy-Hold,Sell-Monitor,Buy-Hold,Buy-Hold,Monitor-Monitor,Monitor-Monitor
2024-04-23,2.85,2.85,2.85,2.85,0.0,0.0,1000000,2850000,2.99,3.05,2.23,45.13,-0.01,-0.03,-0.05,0.01,-16188241.950000048,2.8946513139355634,2.910769746491014,2.921325469081086,3.040171305322949,2.9,2.9,0.0,0.1253188821570653,0.1189957982451454,0.2555391259630483,Hold,Hold,Hold,Hold,Hold,Hold,Sell,Buy,Sell,Sell,Sell,Hold,Hold,Monitor-Monitor,Monitor-Monitor,Monitor-Monitor,Monitor-Monitor,Monitor-Monitor,Monitor-Monitor,Sell-Monitor,Buy-Hold,Sell-Monitor,Sell,Sell,Monitor-Monitor,Monitor-Monitor
2024-04-25,2.85,2.85,2.85,2.85,0.0,0.0,33165,94520,2.96,3.04,2.25,45.13,-0.01,-0.03,-0.04,0.01,-14614980.200000048,2.879767542623709,2.899720701674466,2.91453256726384,3.0327136070749905,2.85,2.85,0.0,0.1163667451949303,0.1129601699715418,0.2409928443344484,Hold,Hold,Hold,Hold,Hold,Hold,Sell,Buy,Sell,Buy,Buy,Hold,Hold,Monitor-Monitor,Monitor-Monitor,Monitor-Monitor,Monitor-Monitor,Monitor-Monitor,Monitor-Monitor,Sell-Monitor,Buy-Hold,Sell-Monitor,Buy,Buy,Monitor-Monitor,Monitor-Monitor
2024-04-28,2.8,2.8,2.8,2.8,-0.05,-1.75,2500000,7000000,2.94,3.02,2.26,42.83,0.01,-0.04,-0.04,0.0,-15556718.450000048,2.85317836174914,2.8815896650063806,2.9036247037149026,3.023587583268128,2.85,2.85,0.4231118755678276,0.1116258757779452,0.1192988777073031,0.2315013113199506,Hold,Hold,Hold,Hold,Hold,Hold,Sell,Hold,Buy,Buy,Buy,Hold,Hold,Monitor-Monitor,Monitor-Monitor,Monitor-Monitor,Monitor-Monitor,Monitor-Monitor,Monitor-Monitor,Sell-Monitor,Hold-Hold,Buy,Buy-Hold,Buy-Hold,Monitor-Monitor,Monitor-Monitor
2024-04-29,2.8,2.8,2.8,2.8,0.0,0.0,1000000,2800000,2.91,3.01,2.27,42.83,0.0,-0.04,-0.04,-0.0,-13948451.700000048,2.835452241166093,2.8667551804597657,2.893755684313484,3.014819442747809,2.8,2.8,0.0,0.1036519935534905,0.1196476307979211,0.22155074970281,Hold,Hold,Hold,Hold,Hold,Hold,Sell,Hold,Hold,Buy,Buy,Hold,Hold,Monitor-Monitor,Monitor-Monitor,Monitor-Monitor,Monitor-Monitor,Monitor-Monitor,Monitor-Monitor,Sell-Monitor,Hold-Hold,Hold-Hold,Buy-Hold,Buy-Hold,Monitor-Monitor,Monitor-Monitor
2024-04-30,2.8,2.8,2.8,2.8,0.0,0.0,1121547,3140332,2.88,2.99,2.28,42.83,-0.0,-0.05,-0.04,-0.0,-12717534.950000048,2.823634827444062,2.854617874921626,2.8848265715217227,3.0063951508753464,2.8,2.8,0.0,0.0962477577455686,0.0906090503205966,0.2116172902931612,Hold,Hold,Hold,Hold,Hold,Hold,Sell,Hold,Hold,Buy,Buy,Hold,Hold,Monitor-Monitor,Monitor-Monitor,Monitor-Monitor,Monitor-Monitor,Monitor-Monitor,Monitor-Monitor,Sell-Monitor,Hold-Hold,Hold-Hold,Buy-Hold,Buy-Hold,Monitor-Monitor,Monitor-Monitor
2024-05-02,2.8,2.8,2.8,2.8,0.0,0.0,750000,2100000,2.85,2.98,2.29,42.83,0.01,-0.05,-0.04,-0.0,-11486618.200000048,2.8157565516293745,2.844687352208603,2.876747850424416,2.998301223390039,2.8,2.8,0.0,0.0893724678344106,0.0497661196665697,0.2001974535506457,Hold,Hold,Hold,Hold,Hold,Hold,Sell,Hold,Buy,Buy,Buy,Hold,Hold,Monitor-Monitor,Monitor-Monitor,Monitor-Monitor,Monitor-Monitor,Monitor-Monitor,Monitor-Monitor,Sell-Monitor,Hold-Hold,Buy-Hold,Buy-Hold,Buy-Hold,Monitor-Monitor,Monitor-Monitor
2024-05-05,2.76,2.75,2.76,2.72,-0.04,-1.43,1650000,4524000,2.83,2.97,2.3,40.6,0.04,-0.05,-0.05,-0.01,-11993701.450000048,2.797171034419584,2.8292896518070387,2.865629007526852,2.9889560773747434,2.8,2.8,0.2780772599646042,0.0887029651495753,0.05012207320356,0.1951724512175973,Hold,Hold,Hold,Hold,Hold,Hold,Sell,Hold,Buy,Sell,Sell,Hold,Hold,Monitor-Monitor,Monitor-Monitor,Monitor-Monitor,Monitor-Monitor,Monitor-Monitor,Monitor-Monitor,Sell-Monitor,Hold-Hold,Buy-Hold,Sell,Sell,Monitor-Monitor,Monitor-Monitor
2024-05-06,2.69,2.72,2.72,2.66,-0.07,-2.54,1277136,3423810,2.81,2.96,2.31,36.98,0.05,-0.06,-0.05,-0.01,-11831512.850000024,2.761447356279722,2.8039642605693955,2.848902435381438,2.977232309634557,2.8,2.8,0.2146409985453123,0.0895099417597284,0.0579271573232846,0.1946447313146984,Hold,Buy,Hold,Hold,Hold,Hold,Sell,Sell,Buy,Sell,Sell,Buy,Hold,Monitor-Monitor,Buy,Monitor-Monitor,Monitor-Monitor,Monitor-Monitor,Monitor-Monitor,Sell-Monitor,Sell,Buy-Hold,Sell-Monitor,Sell-Monitor,Buy,Monitor-Monitor
2024-05-07,2.65,2.65,2.65,2.65,-0.04,-1.49,250000,662500,2.78,2.94,2.32,35.05,0.04,-0.07,-0.05,-0.02,-10804688.25,2.724298237519815,2.7759707586476874,2.8299593462974912,2.964399670041045,2.66,2.66,0.0419260904304774,0.085973331984805,0.0678642435716836,0.1884843954998358,Hold,Buy,Hold,Hold,Hold,Hold,Sell,Hold,Buy,Buy,Buy,Hold,Hold,Monitor-Monitor,Buy-Hold,Monitor-Monitor,Monitor-Monitor,Monitor-Monitor,Monitor-Monitor,Sell-Monitor,Monitor-Monitor,Buy-Hold,Buy,Buy,Hold-Hold,Monitor-Monitor
2024-05-08,2.7,2.7,2.7,2.7,0.05,1.89,210000,567000,2.77,2.93,2.33,39.31,0.03,-0.07,-0.06,-0.01,-9452360.75,2.71619882501321,2.762157893439017,2.8175822656977303,2.954031055529632,2.66,2.66,-0.0352031566543176,0.0834036832093668,0.0684754619472572,0.1819599641993489,Hold,Buy,Hold,Hold,Hold,Hold,Sell,Hold,Buy,Buy,Buy,Hold,Hold,Monitor-Monitor,Buy-Hold,Monitor-Monitor,Monitor-Monitor,Monitor-Monitor,Monitor-Monitor,Sell-Monitor,Monitor-Monitor,Buy-Hold,Buy-Hold,Buy-Hold,Hold-Hold,Monitor-Monitor
2024-05-09,2.7,2.7,2.7,2.7,0.0,0.0,1000000,2700000,2.76,2.91,2.34,39.31,0.01,-0.07,-0.06,-0.01,-8083317.049999952,2.7107992166754737,2.750856458268287,2.806383954678899,2.9440690533519995,2.66,2.66,0.0,0.0774460080227504,0.0653622385037703,0.1714834435989995,Hold,Buy,Hold,Hold,Hold,Hold,Sell,Hold,Buy,Buy,Buy,Hold,Hold,Monitor-Monitor,Buy-Hold,Monitor-Monitor,Monitor-Monitor,Monitor-Monitor,Monitor-Monitor,Sell-Monitor,Monitor-Monitor,Buy-Hold,Buy-Hold,Buy-Hold,Hold-Hold,Monitor-Monitor
2024-05-13,2.7,2.7,2.7,2.7,0.0,0.0,333469,900366,2.74,2.9,2.35,39.31,-0.26,-0.07,-0.06,-0.01,-4902381.950000048,2.707199477783649,2.7416098294922344,2.796252149471385,2.934497717926431,2.66,2.66,0.0,0.0719139181549153,0.0579271573232903,0.1666021779998255,Hold,Buy,Hold,Hold,Hold,Hold,Sell,Hold,Sell,Buy,Buy,Hold,Hold,Monitor-Monitor,Buy-Hold,Monitor-Monitor,Monitor-Monitor,Monitor-Monitor,Monitor-Monitor,Sell-Monitor,Monitor-Monitor,Sell,Buy-Hold,Buy-Hold,Hold-Hold,Monitor-Monitor
2024-05-14,2.6,2.7,2.7,2.6,-0.1,-3.7,1494134,3885070,2.72,2.89,2.36,33.78,0.54,-0.08,-0.07,-0.01,-5961969.5,2.671466318522433,2.7158625877663733,2.777561468569348,2.921380160360689,2.7,2.7,0.2505559810647151,0.0739201450350316,0.0684754619472609,0.1680578131817394,Buy,Buy,Buy,Hold,Buy,Hold,Sell,Hold,Buy,Sell,Sell,Hold,Hold,Buy,Buy-Hold,Buy,Monitor-Monitor,Buy,Monitor-Monitor,Sell-Monitor,Monitor-Monitor,Buy,Sell,Sell,Hold-Hold,Monitor-Monitor
2024-05-15,2.65,2.65,2.65,2.65,0.05,1.92,500000,1325000,2.7,2.88,2.37,38.44,0.11,-0.08,-0.07,-0.01,-5052423.049999952,2.6643108790149554,2.703887571808851,2.765412757277029,2.9107378011308582,2.7,2.7,-0.0836369987848528,0.0722115014216645,0.0653622385037743,0.166883192682786,Hold,Buy,Hold,Hold,Hold,Hold,Sell,Hold,Buy,Sell,Sell,Hold,Hold,Hold-Hold,Buy-Hold,Hold-Hold,Monitor-Monitor,Hold-Hold,Monitor-Monitor,Sell-Monitor,Monitor-Monitor,Buy-Hold,Sell-Monitor,Sell-Monitor,Hold-Hold,Monitor-Monitor
2024-05-16,2.51,2.65,2.65,2.51,-0.14,-5.28,1623389,4262545,2.68,2.87,2.37,31.71,-0.16,-0.09,-0.07,-0.02,-5931531.950000048,2.612873919343304,2.6686352860254234,2.741087732774456,2.895022593243374,2.6,2.6,0.2717780746656961,0.07705369972842,0.0809938269252811,0.1699939974930684,Buy,Sell,Sell,Hold,Hold,Hold,Sell,Hold,Sell,Buy,Buy,Sell,Buy,Buy-Hold,Sell,Sell,Monitor-Monitor,Hold-Hold,Monitor-Monitor,Sell-Monitor,Monitor-Monitor,Sell,Buy,Buy,Sell,Buy
2024-05-19,2.53,2.51,2.54,2.51,0.02,0.8,1230000,3098300,2.65,2.86,2.38,33.5,-0.14,-0.1,-0.08,-0.02,-4019251.850000024,2.585249279562203,2.643428870384437,2.7209841391768883,2.8807079817436336,2.6,2.6,-0.2053611151994094,0.0736926163130664,0.0800624756050093,0.1732004854590922,Buy,Buy,Hold,Hold,Hold,Hold,Sell,Hold,Sell,Sell,Sell,Hold,Hold,Buy-Hold,Buy,Monitor-Monitor,Monitor-Monitor,Hold-Hold,Monitor-Monitor,Sell-Monitor,Monitor-Monitor,Sell-Monitor,Sell,Sell,Monitor-Monitor,Hold-Hold
