Date,Open,High,Low,Close,Volume,Trades,Change,Change_Percent,SMA10,SMA50,SMA200,EMA5,EMA10,EMA20,EMA50,EMA200,RSI_14,STOCHk_9_6_3,STOCHd_9_6_3,MACD_12_26_9,MACDs_12_26_9,MACDh_12_26_9,CMF,OBV,ATR,PSAR,PSARl_0.01_0.1,Rolling_Std,Golden_Cross,Death_Cross,Price_Cross_SMA10_Up,Price_Cross_SMA10_Down,Price_Cross_SMA50_Up,Price_Cross_SMA50_Down,Price_Cross_SMA200_Up,Price_Cross_SMA200_Down,SMA10_Up,SMA50_Up,SMA200_Up,Price_Distance_SMA10,Price_Distance_SMA50,Price_Distance_SMA200,SMA50_Above_SMA200,Golden_Death_Cross_Desc,Price_SMA10_Crossover_Desc,Price_Crossover_Desc,RSI_Desc,Stochastic_Desc,CMF_Desc,MACD_Desc,OBV_Desc,PSAR_Desc,ATR_Desc,RSI_9,RSI_25,CMF_20,OBV_SMA_Diff,OBV_RoC,PSARl_0.02_0.2,Rolling_Std_10,Rolling_Std_50,RSI Strategy,RSI Strategy2,RSI14_OBV_RoC Strategy,RSIMACD Strategy,RSICMF Strategy,RSI OBV Strategy,OBV Strategy,MACD Strategy,CMF Strategy,EMA5 PSAR Strategy,EMA5 PSAR Strategy2,Rolling Std10 Strategy,Rolling Std50 Strategy
2024-07-28T00:00:00Z,0.57,0.57,0.57,0.57,1140000,0,-0.05,-8.06,0.58,0.78,0,0.59,0.58,0.6,0.72,0,70.59,58.33,86.11,-0.042,-0.0677,0.0257,0,127325032,0.0121,0,0.5024,0,false,false,false,true,false,false,false,false,true,false,false,-0.01,-0.21,0,false,Neutral - No Significant Cross Detected: The market shows no clear bullish or bearish signals at the moment. This can indicate a period of consolidation or sideways movement. Interpretation: Monitor other indicators; stay updated with market news and maintain a diversified strategy.,Sell - Price Crossed Below SMA10: The asset's price is dipping below its recent 10-period average. This can hint at a short-term decline or a potential pullback. Interpretation: It might be wise to exercise caution; adjust strategies or set stop losses.,Neutral; Price Respecting SMA Levels: The asset's price is trading in line with major moving averages - showing balanced market conditions. Interpretation: Wait for clearer directional signals before making significant position changes.,Sell - RSI Overbought: RSI is above 70; indicating the asset may be overbought. This suggests selling pressure could emerge soon. Interpretation: Consider taking profits or reducing positions; but watch for trend continuation in strong markets.,Neutral-Bearish; Stochastic Bearish Crossover: %K is below %D - indicating bearish momentum. Weakness may be developing. Interpretation: Exercise caution and consider defensive positioning.,,Buy; MACD Bullish: MACD line is above signal line with positive histogram - indicating strong bullish momentum. The trend is accelerating upward. Interpretation: Consider entering long positions or adding to existing bullish positions.,Neutral-Bullish; Mild Volume Accumulation: OBV is rising moderately - showing steady accumulation. Buying interest is present but not overwhelming. Interpretation: Cautiously bullish volume pattern.,,Moderate Volatility: ATR shows moderate volatility (2-5% of price). Normal market conditions with reasonable price movement. Interpretation: Standard risk management applies - monitor for volatility changes.,70.59,26.67,0,0,1.46,0.5341,0.0428,0.234,Sell,Weak Sell,Hold,Hold,Hold,Hold,Hold,Weak Buy,Hold,Hold,Hold,Hold,Weak Buy
2024-08-20T00:00:00Z,0.57,0.57,0.57,0.57,1140000,0,0,0,0.59,0.77,0,0.59,0.58,0.6,0.71,0,70.59,0,52.78,-0.0399,-0.0621,0.0222,0,127325032,0.0121,0,0.5036,0,false,false,false,false,false,false,false,false,true,false,false,-0.02,-0.2,0,false,Neutral - No Significant Cross Detected: The market shows no clear bullish or bearish signals at the moment. This can indicate a period of consolidation or sideways movement. Interpretation: Monitor other indicators; stay updated with market news and maintain a diversified strategy.,Neutral - Price Oscillating Around SMA10: The asset's price is weaving around its 10-period average; indicating market indecision. This pattern could be a sign of consolidation. Interpretation: Stay alert; monitor other indicators and be ready for a potential breakout.,Neutral; Price Respecting SMA Levels: The asset's price is trading in line with major moving averages - showing balanced market conditions. Interpretation: Wait for clearer directional signals before making significant position changes.,Sell - RSI Overbought: RSI is above 70; indicating the asset may be overbought. This suggests selling pressure could emerge soon. Interpretation: Consider taking profits or reducing positions; but watch for trend continuation in strong markets.,,,Buy; MACD Bullish: MACD line is above signal line with positive histogram - indicating strong bullish momentum. The trend is accelerating upward. Interpretation: Consider entering long positions or adding to existing bullish positions.,Neutral-Bullish; Mild Volume Accumulation: OBV is rising moderately - showing steady accumulation. Buying interest is present but not overwhelming. Interpretation: Cautiously bullish volume pattern.,,Moderate Volatility: ATR shows moderate volatility (2-5% of price). Normal market conditions with reasonable price movement. Interpretation: Standard risk management applies - monitor for volatility changes.,70.59,32.43,0,0,1.46,0.541,0.0341,0.2336,Sell,Weak Sell,Weak Buy,Weak Buy,Weak Buy,Weak Buy,Weak Buy,Weak Buy,Weak Buy,Weak Buy,Weak Buy,Weak Buy,Weak Buy
2024-09-29T00:00:00Z,0.57,0.57,0.57,0.57,1140000,0,0,0,0.59,0.76,0,0.58,0.58,0.59,0.71,0,70.59,0,19.44,-0.0377,-0.0572,0.0195,0,127325032,0.0121,0,0.5048,0,false,false,false,false,false,false,false,false,false,false,false,-0.02,-0.19,0,false,Neutral - No Significant Cross Detected: The market shows no clear bullish or bearish signals at the moment. This can indicate a period of consolidation or sideways movement. Interpretation: Monitor other indicators; stay updated with market news and maintain a diversified strategy.,Neutral - Price Oscillating Around SMA10: The asset's price is weaving around its 10-period average; indicating market indecision. This pattern could be a sign of consolidation. Interpretation: Stay alert; monitor other indicators and be ready for a potential breakout.,Neutral; Price Respecting SMA Levels: The asset's price is trading in line with major moving averages - showing balanced market conditions. Interpretation: Wait for clearer directional signals before making significant position changes.,Sell - RSI Overbought: RSI is above 70; indicating the asset may be overbought. This suggests selling pressure could emerge soon. Interpretation: Consider taking profits or reducing positions; but watch for trend continuation in strong markets.,,,Buy; MACD Bullish: MACD line is above signal line with positive histogram - indicating strong bullish momentum. The trend is accelerating upward. Interpretation: Consider entering long positions or adding to existing bullish positions.,Neutral-Bullish; Mild Volume Accumulation: OBV is rising moderately - showing steady accumulation. Buying interest is present but not overwhelming. Interpretation: Cautiously bullish volume pattern.,,Moderate Volatility: ATR shows moderate volatility (2-5% of price). Normal market conditions with reasonable price movement. Interpretation: Standard risk management applies - monitor for volatility changes.,50,37.5,0,0,1.46,0.5473,0.02,0.2328,Sell,Weak Sell,Weak Buy,Weak Buy,Weak Buy,Weak Buy,Weak Buy,Weak Buy,Weak Buy,Weak Buy,Weak Buy,Weak Buy,Weak Buy
2024-10-13T00:00:00Z,0.57,0.57,0.57,0.57,1140000,0,0,0,0.59,0.75,0,0.58,0.58,0.59,0.7,0,70.59,0,0,-0.0357,-0.0529,0.0172,0,127325032,0.0121,0,0.506,0,false,false,false,false,false,false,false,false,false,false,false,-0.02,-0.18,0,false,Neutral - No Significant Cross Detected: The market shows no clear bullish or bearish signals at the moment. This can indicate a period of consolidation or sideways movement. Interpretation: Monitor other indicators; stay updated with market news and maintain a diversified strategy.,Neutral - Price Oscillating Around SMA10: The asset's price is weaving around its 10-period average; indicating market indecision. This pattern could be a sign of consolidation. Interpretation: Stay alert; monitor other indicators and be ready for a potential breakout.,Neutral; Price Respecting SMA Levels: The asset's price is trading in line with major moving averages - showing balanced market conditions. Interpretation: Wait for clearer directional signals before making significant position changes.,Sell - RSI Overbought: RSI is above 70; indicating the asset may be overbought. This suggests selling pressure could emerge soon. Interpretation: Consider taking profits or reducing positions; but watch for trend continuation in strong markets.,,,Buy; MACD Bullish: MACD line is above signal line with positive histogram - indicating strong bullish momentum. The trend is accelerating upward. Interpretation: Consider entering long positions or adding to existing bullish positions.,Neutral-Bullish; Mild Volume Accumulation: OBV is rising moderately - showing steady accumulation. Buying interest is present but not overwhelming. Interpretation: Cautiously bullish volume pattern.,,Moderate Volatility: ATR shows moderate volatility (2-5% of price). Normal market conditions with reasonable price movement. Interpretation: Standard risk management applies - monitor for volatility changes.,28.57,44.44,0,0,0.54,0.5531,0.02,0.2318,Sell,Weak Sell,Weak Buy,Weak Buy,Weak Buy,Weak Buy,Weak Buy,Weak Buy,Weak Buy,Weak Buy,Weak Buy,Weak Buy,Weak Buy
2025-01-28T00:00:00Z,0.57,0.57,0.57,0.57,5984053,0,0,0,0.59,0.74,0,0.57,0.58,0.59,0.7,0,70.59,0,0,-0.0336,-0.0491,0.0155,0,127325032,0.0121,0,0.5071,0,false,false,false,false,false,false,false,false,false,false,false,-0.02,-0.17,0,false,Neutral - No Significant Cross Detected: The market shows no clear bullish or bearish signals at the moment. This can indicate a period of consolidation or sideways movement. Interpretation: Monitor other indicators; stay updated with market news and maintain a diversified strategy.,Neutral - Price Oscillating Around SMA10: The asset's price is weaving around its 10-period average; indicating market indecision. This pattern could be a sign of consolidation. Interpretation: Stay alert; monitor other indicators and be ready for a potential breakout.,Neutral; Price Respecting SMA Levels: The asset's price is trading in line with major moving averages - showing balanced market conditions. Interpretation: Wait for clearer directional signals before making significant position changes.,Sell - RSI Overbought: RSI is above 70; indicating the asset may be overbought. This suggests selling pressure could emerge soon. Interpretation: Consider taking profits or reducing positions; but watch for trend continuation in strong markets.,,,Buy; MACD Bullish: MACD line is above signal line with positive histogram - indicating strong bullish momentum. The trend is accelerating upward. Interpretation: Consider entering long positions or adding to existing bullish positions.,Neutral-Bearish; Mild Volume Distribution: OBV is declining moderately - showing steady distribution. Selling pressure is present but not overwhelming. Interpretation: Cautiously bearish volume pattern.,,Moderate Volatility: ATR shows moderate volatility (2-5% of price). Normal market conditions with reasonable price movement. Interpretation: Standard risk management applies - monitor for volatility changes.,28.57,54.55,0,0,-0.4,0.5585,0.021,0.23,Sell,Weak Sell,Weak Buy,Weak Buy,Weak Buy,Weak Buy,Weak Buy,Weak Buy,Weak Buy,Weak Buy,Weak Buy,Weak Buy,Weak Buy
2025-03-12T00:00:00Z,0.57,0.57,0.57,0.57,144190080,0,0,0,0.59,0.73,0,0.57,0.57,0.59,0.69,0,70.59,0,0,-0.0316,-0.0456,0.014,0,127325032,0.0121,0,0.5082,0,false,false,false,false,false,false,false,false,false,false,false,-0.02,-0.16,0,false,Neutral - No Significant Cross Detected: The market shows no clear bullish or bearish signals at the moment. This can indicate a period of consolidation or sideways movement. Interpretation: Monitor other indicators; stay updated with market news and maintain a diversified strategy.,Neutral - Price Oscillating Around SMA10: The asset's price is weaving around its 10-period average; indicating market indecision. This pattern could be a sign of consolidation. Interpretation: Stay alert; monitor other indicators and be ready for a potential breakout.,Neutral; Price Respecting SMA Levels: The asset's price is trading in line with major moving averages - showing balanced market conditions. Interpretation: Wait for clearer directional signals before making significant position changes.,Sell - RSI Overbought: RSI is above 70; indicating the asset may be overbought. This suggests selling pressure could emerge soon. Interpretation: Consider taking profits or reducing positions; but watch for trend continuation in strong markets.,,,Buy; MACD Bullish: MACD line is above signal line with positive histogram - indicating strong bullish momentum. The trend is accelerating upward. Interpretation: Consider entering long positions or adding to existing bullish positions.,Neutral-Bearish; Mild Volume Distribution: OBV is declining moderately - showing steady distribution. Selling pressure is present but not overwhelming. Interpretation: Cautiously bearish volume pattern.,,Moderate Volatility: ATR shows moderate volatility (2-5% of price). Normal market conditions with reasonable price movement. Interpretation: Standard risk management applies - monitor for volatility changes.,28.57,70.59,0,0,-0.4,0.5634,0.0215,0.2278,Sell,Weak Sell,Weak Buy,Weak Buy,Weak Buy,Weak Buy,Weak Buy,Weak Buy,Weak Buy,Weak Buy,Weak Buy,Weak Buy,Weak Buy
2025-03-17T00:00:00Z,0.57,0.57,0.57,0.57,171000000,0,0,0,0.58,0.73,0,0.57,0.57,0.59,0.69,0,70.59,0,0,-0.0297,-0.0424,0.0127,0,127325032,0.0121,0,0.5093,0,false,false,false,false,false,false,false,false,false,false,false,-0.01,-0.16,0,false,Neutral - No Significant Cross Detected: The market shows no clear bullish or bearish signals at the moment. This can indicate a period of consolidation or sideways movement. Interpretation: Monitor other indicators; stay updated with market news and maintain a diversified strategy.,Neutral - Price Oscillating Around SMA10: The asset's price is weaving around its 10-period average; indicating market indecision. This pattern could be a sign of consolidation. Interpretation: Stay alert; monitor other indicators and be ready for a potential breakout.,Neutral; Price Respecting SMA Levels: The asset's price is trading in line with major moving averages - showing balanced market conditions. Interpretation: Wait for clearer directional signals before making significant position changes.,Sell - RSI Overbought: RSI is above 70; indicating the asset may be overbought. This suggests selling pressure could emerge soon. Interpretation: Consider taking profits or reducing positions; but watch for trend continuation in strong markets.,,,Buy; MACD Bullish: MACD line is above signal line with positive histogram - indicating strong bullish momentum. The trend is accelerating upward. Interpretation: Consider entering long positions or adding to existing bullish positions.,Neutral-Bearish; Mild Volume Distribution: OBV is declining moderately - showing steady distribution. Selling pressure is present but not overwhelming. Interpretation: Cautiously bearish volume pattern.,,Moderate Volatility: ATR shows moderate volatility (2-5% of price). Normal market conditions with reasonable price movement. Interpretation: Standard risk management applies - monitor for volatility changes.,16.67,70.59,0,0,-0.4,0.5679,0.0215,0.2257,Sell,Weak Sell,Hold,Hold,Hold,Hold,Hold,Weak Buy,Hold,Hold,Hold,Hold,Weak Buy
2025-03-18T00:00:00Z,0.6,0.6,0.57,0.57,254810512,0,0,0,0.58,0.72,0,0.57,0.57,0.58,0.68,0,50,0,0,-0.0279,-0.0395,0.0116,0,127325032,0.0093,0,0.5104,0,false,false,false,false,false,false,false,false,false,false,false,-0.01,-0.15,0,false,Neutral - No Significant Cross Detected: The market shows no clear bullish or bearish signals at the moment. This can indicate a period of consolidation or sideways movement. Interpretation: Monitor other indicators; stay updated with market news and maintain a diversified strategy.,Neutral - Price Oscillating Around SMA10: The asset's price is weaving around its 10-period average; indicating market indecision. This pattern could be a sign of consolidation. Interpretation: Stay alert; monitor other indicators and be ready for a potential breakout.,Neutral; Price Respecting SMA Levels: The asset's price is trading in line with major moving averages - showing balanced market conditions. Interpretation: Wait for clearer directional signals before making significant position changes.,Neutral-Bearish - RSI Below Midline: RSI is below 50; indicating bearish momentum but not extreme oversold. The trend shows weakness with potential for further decline. Interpretation: Exercise caution and look for confirmation before buying.,,,Buy; MACD Bullish: MACD line is above signal line with positive histogram - indicating strong bullish momentum. The trend is accelerating upward. Interpretation: Consider entering long positions or adding to existing bullish positions.,Neutral-Bearish; Mild Volume Distribution: OBV is declining moderately - showing steady distribution. Selling pressure is present but not overwhelming. Interpretation: Cautiously bearish volume pattern.,,Low Volatility: ATR indicates low volatility (<2% of price). Market is relatively calm with small price movements. Interpretation: Consider tighter stops - but watch for potential volatility breakouts.,0,70.59,-0.02,0,-0.41,0.62,0.02,0.2232,Weak Buy,Weak Buy,Weak Buy,Weak Buy,Weak Buy,Weak Buy,Weak Buy,Weak Buy,Weak Buy,Weak Buy,Weak Buy,Weak Buy,Weak Buy
2025-05-26T00:00:00Z,0.55,0.55,0.55,0.55,275000,0,-0.02,-3.51,0.57,0.71,0,0.56,0.57,0.58,0.68,0,22.22,0,0,-0.0277,-0.0371,0.0094,0,127050032,0.0086,0,0.5115,0,false,false,false,false,false,false,false,false,false,false,false,-0.02,-0.16,0,false,Neutral - No Significant Cross Detected: The market shows no clear bullish or bearish signals at the moment. This can indicate a period of consolidation or sideways movement. Interpretation: Monitor other indicators; stay updated with market news and maintain a diversified strategy.,Neutral - Price Oscillating Around SMA10: The asset's price is weaving around its 10-period average; indicating market indecision. This pattern could be a sign of consolidation. Interpretation: Stay alert; monitor other indicators and be ready for a potential breakout.,Neutral; Price Respecting SMA Levels: The asset's price is trading in line with major moving averages - showing balanced market conditions. Interpretation: Wait for clearer directional signals before making significant position changes.,Buy - RSI Oversold: RSI is below 30; indicating the asset may be oversold. This suggests a potential bounce or reversal. Interpretation: Look for buying opportunities; but confirm with other indicators and price action.,,,Buy; MACD Bullish: MACD line is above signal line with positive histogram - indicating strong bullish momentum. The trend is accelerating upward. Interpretation: Consider entering long positions or adding to existing bullish positions.,Neutral-Bearish; Mild Volume Distribution: OBV is declining moderately - showing steady distribution. Selling pressure is present but not overwhelming. Interpretation: Cautiously bearish volume pattern.,,Low Volatility: ATR indicates low volatility (<2% of price). Market is relatively calm with small price movements. Interpretation: Consider tighter stops - but watch for potential volatility breakouts.,0,63.16,-0.0419,0,-1.1,0.619,0.0168,0.2202,Buy,Buy,Weak Buy,Buy,Weak Buy,Weak Buy,Weak Buy,Weak Buy,Weak Buy,Weak Buy,Weak Buy,Weak Buy,Weak Buy
